,index,description,Positive,Negative,Neutral,Compound,Sentiment
0,0,HINDUTVA,0.0,0.0,1.0,0.0,Neutral
1,1,"A Software Engineer passionate about building Large-Scale, Highly Available & Observable systems with robust architecture. Currently transforming myself!!",0.313,0.0,0.687,0.7494,Positive
2,2,Yoga sloka meditation rajinikanth illayaraja a proud sanghi also a believer in dharma and karma,0.205,0.0,0.795,0.4767,Positive
3,3,"ЁЯЗоЁЯЗ│... India muslimЁЯЗоЁЯЗ│
proud to be muslim Alhamdulillah
fast azan ..9/October",0.237,0.0,0.763,0.4767,Positive
4,4,"рдкрд░рдВ рд╡реИрднрд╡рдВ рдиреЗрддреБрдореЗрддрддреН рд╕реНрд╡рд░рд╛рд╖реНрдЯреНрд░рдореН
рд╕рдорд░реНрдерд╛ рднрд╡рддреНрд╡рд╛рд╢рд┐рд╖рд╛ рддреЗ рднреГрд╢рдореН ред

рджреЗрд╢ рд╕рд░реНрд╡рдкреНрд░рдердо ред
India First! Proud Hindu!
RTs are not endorsements.",0.178,0.0,0.822,0.5696,Positive
5,5,"Builder of BIG temple, 1000 years old, Survived 6 earthquakes
Weighs 130,000 tons
pure architectural marvel, This temple tower is 216 feet. real wonder of world",0.21,0.0,0.79,0.7269,Positive
7,7,Authentic data provider,0.0,0.0,1.0,0.0,Neutral
8,8,"Geological Advisor @ Tatweer Petroleum, Bahrain",0.0,0.0,1.0,0.0,Neutral
9,9,"From observer microbiologist - tutor in SuIMS Shimoga - tutor in ESIC medical College - today District Microbiologist@ Haveri, Karnataka. ЁЯШМ",0.0,0.0,1.0,0.0,Neutral
10,10,Your grandma probably knowтАЩs me ЁЯХКя╕П  Del | J&K ЁЯЩЕЁЯП╝,0.0,0.0,1.0,0.0,Neutral
11,11,Love,1.0,0.0,0.0,0.6369,Positive
12,12,"IGNORE NEGATIVITY тЬМя╕ПЁЯШО
Proud to be a #ThalapathyVijay fan
Crazy fan of #KingKohliЁЯШО
music loverЁЯОзЁЯО╝ 
KILL THEM WITH YOUR SUCCESS. BURY THEM WITH YOUR SMILEЁЯШО",0.281,0.349,0.37,-0.608,Negative
13,13,works in Pharma Industry.,0.0,0.0,1.0,0.0,Neutral
14,14,iam student,0.0,0.0,1.0,0.0,Neutral
15,15,Simple Man,0.0,0.0,1.0,0.0,Neutral
16,16,Indian,0.0,0.0,1.0,0.0,Neutral
17,17,DREAMER,0.0,0.0,1.0,0.0,Neutral
18,18,I'm Hard BJP Worker. Always Curious To Make Strong World's Largest Political Party BJP.,0.421,0.071,0.508,0.7845,Positive
19,19,I Love my India,0.677,0.0,0.323,0.6369,Positive
20,20,"рдкрд╛рдВрдбрд╡реЛрдВ рдЬреИрд╕реА рд╡рд┐рд╡рд╢рддрд╛ рдЖрдПрдЧреА...
рддреЛ рд╣рд┐рд╕реНрд╕реЗ рдореЗрдВ рдХреГрд╖реНрдг рднреА рдЖрдПрдВрдЧреЗред",0.0,0.0,1.0,0.0,Neutral
21,21,"Nationalist, Strategic Affairs, Market Intelligence, Politics, Intelligence, Defense, Research",0.562,0.0,0.438,0.7717,Positive
23,23,libbies n Chuslims interact at ur own https://t.co/J98rKMZXx8 any post is not Mine all r Copied/May B Copied/ May B mine .Bio mein itna hi Interested the to Dr. ban Jaat,0.086,0.115,0.799,-0.2263,Negative
24,24,"CEO Indinext Venture FZ-LLC ЁЯСйтАНЁЯТ╗an ex actressЁЯОе Owner @dateabrand Fashion, beauty & lifestyle International Multivendor Online store",0.202,0.0,0.798,0.5859,Positive
25,25,ЁЯШОЁЯШО ЁЯШО,0.0,0.0,1.0,0.0,Neutral
26,26,"Faculty, NIT Raipur",0.0,0.0,1.0,0.0,Neutral
27,27,Information Department,0.0,0.0,1.0,0.0,Neutral
28,28,"A common Citizen... BJP Supporter ..
Jai Hind ki Sena...
Ganga n  Himalayas  #MyHome.....
Namaste Sadavatsale MatrubhoomeЁЯЗоЁЯЗ│",0.13,0.0,0.87,0.2732,Positive
29,29,"INDIAN | FOODIE | Gadget geek | Music lover | Vocalist | Animal Lover | CRICKET IS тЭдя╕П
.
.
.
INSTAGRAM - https://t.co/WOUI1MUHgi",0.373,0.088,0.539,0.7783,Positive
31,31,"'Top Rated Plus' Freelancer @upwork Digital marketing manager, Web designer and visual content creater. Spiritual enthusiast. MahadevЁЯТЧ",0.314,0.0,0.686,0.6597,Positive
32,32,Lawyer,0.0,0.0,1.0,0.0,Neutral
33,33,Proud Hindu nationalist,0.608,0.0,0.392,0.4767,Positive
34,34,Project Engineer -Electrical Divisions_Power project,0.0,0.0,1.0,0.0,Neutral
36,36,"тЭдтЭдliving the dream тЭдтЭд
             
               instagram -https://t.co/5gG6TxLmB6",0.286,0.0,0.714,0.25,Positive
39,39,Road Runner! Proud Bhakt of Maa Bharti!!! Vande Matram!!! Hindu Nationalist! India First! Don't Judge by tweets or Retweets!,0.192,0.0,0.808,0.6449,Positive
40,40,Be real,0.0,0.0,1.0,0.0,Neutral
41,41,IтАЩm a man who drinks  teaЁЯН╡,0.0,0.0,1.0,0.0,Neutral
44,44,Solanki #Rajasthani #Didgeridoo,0.0,0.0,1.0,0.0,Neutral
45,45,political party in BJPЁЯЗоЁЯЗ│ЁЯЪй,0.474,0.0,0.526,0.4019,Positive
46,46,#SSRians Follow Each Other and Make Powerful Our SSR Army.,0.237,0.0,0.763,0.4215,Positive
47,47,рмЕрмЬрм╛ рмЩрнНрмХ рмЦрммрм░ рмХрнБ рмЖрмкрмгрмЩрнНрмХрнБ рм╕рнНрн▒рм╛рмЧрмд l,0.0,0.0,1.0,0.0,Neutral
48,48,I can and I will,0.0,0.0,1.0,0.0,Neutral
49,49,Want to see Maa Bharti Vishwaguru,0.206,0.0,0.794,0.0772,Positive
54,54,"ЁЭРЦЁЭРЪЁЭРвЁЭРнЁЭРвЁЭРзЁЭРа ЁЭРЕЁЭРиЁЭРл #ЁЭРАЁЭРЭЁЭРвЁЭРйЁЭРоЁЭРлЁЭРоЁЭРмЁЭРб #ЁЭРТЁЭРЪЁЭРеЁЭРЪЁЭРЪЁЭРл #ЁЭРПЁЭРлЁЭРиЁЭРгЁЭРЮЁЭРЬЁЭРнЁЭРК #ЁЭРТЁЭРйЁЭРвЁЭРлЁЭРвЁЭРн

ЁЯМкя╕П",0.0,0.0,1.0,0.0,Neutral
55,55,"Serious case of wanderlust, Modern Conservative, Hate Babas/Mullahs. Interests: Sports, Politics & Policy.",0.125,0.312,0.562,-0.4588,Negative
56,56,"RTO, Banking, Management, IT, Auditor, CyberSec, Future Lawyer, Stock Market learner, UP wala... wagairah wagairah",0.0,0.0,1.0,0.0,Neutral
57,57,In future INDIAN ARMY makes me special.. My life is dedicated too INDIAN ARMY..,0.188,0.0,0.812,0.4588,Positive
58,58,"Defence, Aerospace & Strategic Affairs Journalist
Group Editorial Head (Defence, Security & Police), Businessworld",0.275,0.0,0.725,0.4215,Positive
59,59,"Lawyer,Social Activist,Nationalist, DM for further queries, RTs are not endorsements! Support Farmers Protest",0.0,0.293,0.707,-0.5499,Negative
60,60,Not the regular Doctor ЁЯШ╖ЁЯШИ Blocked by @RanaAyyub @Dhruv_Rathee @CJWerleman @AudreyTruschke & other such anti-national bigots/hypocrites ЁЯШк,0.0,0.13,0.87,-0.2732,Negative
61,61,Funny Political party Jokes,0.884,0.0,0.116,0.765,Positive
63,63,India,0.0,0.0,1.0,0.0,Neutral
65,65,"тЧПтЧЛ┬░тАвBright Vachirawit Chivaaree тАв┬░тЧЛтЧП
тЩзтЧЗWang YiboтЩдтЩб

Call me 'Hikari' - mtjj ЁЯжБ brightЁЯМЮ from ЁЯЗоЁЯЗ│",0.0,0.0,1.0,0.0,Neutral
67,67,рдорд╛рдирд╕ рдХреА рдЬрд╛рдд рд╕рдмреЗ рдПрдХ рдкреЗрд╣рдЪрд╛рдирдмреЛ -риори╛риири╕ риХрйА риЬри╛рид ри╕рй▒ринрйЗ риПриХ рикри╣ри┐риЪри╛рииримрйЛ,0.0,0.0,1.0,0.0,Neutral
68,68,"родрпЗроЪроорпЗ родрпЖропрпНро╡роорпН, роЬрпЖропрпНро╣ро┐роирпНродрпН, рокро╛ро░род родро╛ропрпН, роороХрпНроХро│рпН, рокро╛ро░роорпНрокро░ро┐ропроорпН, рокрогрпНрокро╛роЯрпБ. роЗроирпНродро┐ропро╛ роОройрпН роЙропро┐ро░рпН. роиро╛роЯрпНроЯрпБ роиро▓ройрпЗ роЙропро┐ро░рпН роорпВроЪрпНроЪрпБ. Editorial Board member https://t.co/HnmrRjvrho",0.0,0.0,1.0,0.0,Neutral
69,69,"A real man dies on a battlefield, and his body is wrapped in his country's flag.Who wants to die in bed,surrounded by his wife and children ? #ProudToBeAnIndian",0.0,0.22,0.78,-0.7579,Negative
70,70,Member- Indian National Congress. SM. Opinions are all personal. RTs arenтАЩt endorsements.,0.0,0.0,1.0,0.0,Neutral
72,72,"ЁЯЗоЁЯЗ│... India muslimЁЯЗоЁЯЗ│
proud to be muslim Alhamdulillah
fast azan ..9/October",0.237,0.0,0.763,0.4767,Positive
73,73,"рд╕рдВрд╡реЗрджрдирд╛ рд╕реЗ рднрд░рд╛ рдЕрдВрддрд░реНрдорди,",0.0,0.0,1.0,0.0,Neutral
75,75,???,0.0,0.0,1.0,0.0,Neutral
76,76,congressman,0.0,0.0,1.0,0.0,Neutral
77,77,"Renewables, Hard core NarendraModi follower, Proud of RSS, Jai Hind ЁЯЗоЁЯЗ│ Nehru became PM w/ 0-12 votes. blocked by Dr. @swamy39",0.126,0.142,0.732,0.1531,Positive
78,78,"ЁЯй║ЁЯй║ЁЯй║
ЁЯЗоЁЯЗ│ЁЯЗоЁЯЗ│ЁЯЗоЁЯЗ│",0.0,0.0,1.0,0.0,Neutral
79,79,"Chief Executive Officer, Leather Sector Skill Council.",0.0,0.0,1.0,0.0,Neutral
80,80,NIT Nagpur. IIT Chennai. Proud Bharatiya. Proud Odia. Unapologetic Hindu. RTs and like are not endorsement.,0.384,0.087,0.53,0.7742,Positive
81,81,"ЁЯЗоЁЯЗ│|Fashion|Food|Travel|Networking|FinTech|
#foodblogger|reviewer|critic|
Original #Zomato Level-13| #CR7 тЪ╜я╕П
DM for any queriesтЬЙ My blog тЖЩя╕П",0.15,0.0,0.85,0.3182,Positive
82,82,рдЖ рдиреЛ рднрджреНрд░рд╛: рдХреНрд░рддрд╡реЛ рдпрдиреНрддреБ рд╡рд┐рд╢реНрд╡рдд: |,0.0,0.0,1.0,0.0,Neutral
84,84,Life goes on with or without you,0.0,0.0,1.0,0.0,Neutral
85,85,Here for memes & meaning,0.0,0.0,1.0,0.0,Neutral
87,87,"Official account of Public Relations Officer,  Ministry of Defence #Hyderabad",0.135,0.0,0.865,0.1027,Positive
89,89,"A Nationalist!! Cricket Fanatic, Loves Hockey,Soccer. RTs do not necessarily mean endorsement.",0.281,0.129,0.59,0.5142,Positive
90,90,"21

Meet me at the top,
The bottom is too crowded.ЁЯШЙ",0.153,0.0,0.847,0.2023,Positive
91,91,Fights against monsters who hurt little children such as some members of the US judiciary. Also a 'rocket scientist!' PhD Aerospace Engineering (Georgia Tech.),0.0,0.233,0.767,-0.75,Negative
92,92,"Looking for facts, not truth.",0.0,0.329,0.671,-0.2411,Negative
93,93,"Headstrong, Village Dweller, Dreamer.",0.302,0.0,0.698,0.0772,Positive
94,94,"Industrialist, Great Admirer of @Narendramodi..!!!ЁЯЗоЁЯЗ│",0.722,0.0,0.278,0.8306,Positive
96,96,"Member of Parliament, Rajya Sabha Facebook : PrakashJavadekarOfficial",0.0,0.0,1.0,0.0,Neutral
97,97,Just here to share my opinion on things.,0.239,0.0,0.761,0.296,Positive
99,99,1Sun SRL,0.0,0.0,1.0,0.0,Neutral
101,101,Sikandar (INC),0.0,0.0,1.0,0.0,Neutral
102,102,Proud goenkar and GSB I am an ordinary person who has been blessed with extraordinary opportunities and experiences.ЁЯЪйЁЯЪйЁЯХЙя╕ПЁЯЩП@ChelseaFC  @DjokerNole  @RCBTweets,0.375,0.0,0.625,0.8625,Positive
103,103,guys please follow of my Instagram a/c @sahin_maz05,0.247,0.0,0.753,0.3182,Positive
104,104,"#2025millionaireЁЯШОЁЯШОЁЯШО
#Investor #cryptoloverЁЯдйЁЯдйЁЯдй
#ProudHindu #BJP #RSS
#Hinduism only
#CountryFirst ЁЯЗоЁЯЗ│ЁЯЗоЁЯЗ│ЁЯЗоЁЯЗ│ЁЯЗоЁЯЗ│ЁЯЗоЁЯЗ│ЁЯЗоЁЯЗ│ЁЯЗоЁЯЗ│
#рдПрдХрдЪ_рд╕реНрд╡рдкреНрдирдВ_рд╣рд┐рдВрджрд╡реА_рд╕реНрд╡рд░рд╛рдЬреНрдп",0.0,0.0,1.0,0.0,Neutral
105,105,berojgar,0.0,0.0,1.0,0.0,Neutral
106,106,Bihari who made stock on hold.,0.0,0.0,1.0,0.0,Neutral
108,108,guys please follow of my Instagram a/c @sahin_maz05,0.247,0.0,0.753,0.3182,Positive
109,109,"RTs, Likes тЙа Endorsements.",0.583,0.0,0.417,0.4215,Positive
111,111,silent,0.0,0.0,1.0,0.0,Neutral
113,113,"No bio,no one is curious to know me",0.219,0.21,0.571,0.0258,Neutral
115,115,Student,0.0,0.0,1.0,0.0,Neutral
116,116,"Indian Blogger, Youtuber, Traveler, Parent, Story Teller, Numismatist, Social Activist, Dreamer",0.0,0.0,1.0,0.0,Neutral
117,117,рдмреНрд░рд╣реНрдо рд╕рддреНрдпрдо рдЬрдЧрдд рдорд┐рдереНрдпрд╛,0.0,0.0,1.0,0.0,Neutral
119,119,"Fashion Designer graduate from NIFT...
Officially_visual Merchandiser",0.0,0.0,1.0,0.0,Neutral
120,120,guys please follow of my Instagram a/c @sahin_maz05,0.247,0.0,0.753,0.3182,Positive
121,121,Byline @TheLallantop,0.0,0.0,1.0,0.0,Neutral
122,122,JAI HIND ЁЯЗоЁЯЗ│ЁЯЗоЁЯЗ│ЁЯЗоЁЯЗ│,0.0,0.0,1.0,0.0,Neutral
124,124,View personal and Retweet not Endorsements.,0.0,0.0,1.0,0.0,Neutral
125,125,This Moment We Own ItЁЯТкI M,0.0,0.0,1.0,0.0,Neutral
126,126,Soch rha hu,0.0,0.0,1.0,0.0,Neutral
127,127,AIIMS,0.0,0.0,1.0,0.0,Neutral
128,128,"Be Human тЭдя╕П
Nothing is above SELF RESPECTЁЯЗоЁЯЗ│",0.0,0.0,1.0,0.0,Neutral
129,129,guys please follow of my Instagram a/c @sahin_maz05,0.247,0.0,0.753,0.3182,Positive
130,130,"BCA Arcade Business College, consultant, loves poetry",0.381,0.0,0.619,0.5719,Positive
132,132,Simple Man,0.0,0.0,1.0,0.0,Neutral
136,136,"Nation first
I support what is Right...",0.351,0.0,0.649,0.4019,Positive
137,137,Former Distt. President,0.0,0.0,1.0,0.0,Neutral
139,139,"рдореА рдорд░рд╛рдареА | Marketing Campaign Specialist, B2B Marketing Expert at a leading Marketing Technology Company",0.0,0.0,1.0,0.0,Neutral
140,140,"рдХреЛрдорд▓ рдФрд░ рдорд╛рдирд╡реАрдп рд░рд╣рдирд╛ рдпрд╣ рдореЗрд░рд╛ рд╕реНрд╡рд╛рднрд╛рд╡ рд╣реИ , рдкрд░ рдпрд╛рдж рд░рд╣реЗ рдЬрдм рджреЗрд╢ рдХреЗ рд░рдХреНрд╖рд╛ рдХрд╛ рд╕рд╡рд╛рд▓ рд╣реЛ , рдореИрдВ рд╕рдмрд╕реЗ рдШрд╛рддрдХ рдФрд░ рд╢рдХреНрддрд┐рд╢рд╛рд▓реА рд╣реВрдБред",0.0,0.0,1.0,0.0,Neutral
141,141,"Member Government of India Advisory Council NIELIT , Ministry of IT",0.0,0.0,1.0,0.0,Neutral
143,143,I wonder how many miles IтАЩve scrolled with my thumb.,0.0,0.0,1.0,0.0,Neutral
145,145,roy sahab,0.0,0.0,1.0,0.0,Neutral
147,147,Proud Indian,0.756,0.0,0.244,0.4767,Positive
148,148,"#bitcoin 
#Peace 
#Love",0.0,0.0,1.0,0.0,Neutral
150,150,ONLY HINDU  ЁЯЗоЁЯЗ│ЁЯЗоЁЯЗ│  SANATNIЁЯЫХЁЯЫХ,0.0,0.0,1.0,0.0,Neutral
151,151,*All round Enthusiast*,0.0,0.0,1.0,0.0,Neutral
152,152,Partner with PwC's Cyber Security Unit. Earlier worked for Tata Consultancy Services Ltd as Global Head of its Information Security and Risk Management Practice,0.172,0.075,0.753,0.4019,Positive
153,153,"рдирдорд╕реНрддреЗ рд╕рджрд╛ рд╡рддреНрд╕рд▓реЗ рдорд╛рддреГрднреВрдореЗ
рддреНрд╡рдпрд╛ рд╣рд┐рдиреНрджреБрднреВрдореЗ рд╕реБрдЦрдВ рд╡рд░реНрдзрд┐рддреЛрд╣рдореНред
рдорд╣рд╛рдордЩреНрдЧрд▓реЗ рдкреБрдгреНрдпрднреВрдореЗ рддреНрд╡рджрд░реНрдереЗ
рдкрддрддреНрд╡реЗрд╖ рдХрд╛рдпреЛ рдирдорд╕реНрддреЗ рдирдорд╕реНрддреЗрее резрее bigg boss15 
#PratikIsTheBoss
pratik",0.0,0.0,1.0,0.0,Neutral
154,154,"follow and get follow back ЁЯФЩ

#EDM #PT #Steven_Wilson  #Maria_Pedraza admirer.",0.237,0.0,0.763,0.4215,Positive
155,155,#SpeakupforSSCRailwayStudents,0.0,0.0,1.0,0.0,Neutral
156,156,Endeavouring to create a safe environment for Women against Political Violence & Crime . I practice what I post,0.221,0.336,0.442,-0.5574,Negative
157,157,Trying to be Neutral in every aspect,0.0,0.0,1.0,0.0,Neutral
158,158,#SpeakupforSSCRailwayStudents,0.0,0.0,1.0,0.0,Neutral
159,159,Avid learner тЬНя╕П,0.524,0.0,0.476,0.296,Positive
160,160,"sIdHi bAaT nO bAkWaS ЁЯШО
рднрд╛рд░рдд рдорд╛рддрд╛ рдХреА рдЬрдп ЁЯЩПЁЯЩПтЬК",0.0,0.216,0.784,-0.296,Negative
161,161,Student,0.0,0.0,1.0,0.0,Neutral
162,162,"Software Engineer , Proud Navodayan.                                  Love @MadhuriDixit ЁЯТГтЭд..all day, everyday. 
Bibliophile ЁЯУЦ...Sports , Music ЁЯО╢.",0.399,0.0,0.601,0.8074,Positive
164,164,"рдЬрдм рдХреЛрдИ рдЧрд▓рдд рд╣реЛрдЧрд╛ рдореЗ рдЕрдкрдиреА рдЖрд╡рд╛рдЬ рдЙрдард╛рдКрдВрдЧреА рдЕрдкрдиреЗ рд▓реЛрдЧреЛ рдХреЗ рд▓рд┐рдП, рдЕрдкрдиреЗ рдзрд░реНрдо рдХреЗ рд▓рд┐рдП, рдЕрдкрдиреЗ рджреЗрд╢ рдХреЗ рд▓рд┐рдП.
рдЬрдп рд╣рд┐рдиреНрдж.. рд╣рд░ рд╣рд░ рдорд╣рд╛рджреЗрд╡ ЁЯТРЁЯЩП",0.0,0.0,1.0,0.0,Neutral
165,165,реР редред рд▓реЛрдХ: рд╕рдорд╕реНрдерд╛ рд╕реБрдЦрд┐рдиреЛ рднрд╡рдиреНрддреБ редред реР,0.0,0.0,1.0,0.0,Neutral
166,166,"Football, FC Bayern Munchen, Die Mannschaft, Financial Markets.",0.0,0.358,0.642,-0.5994,Negative
167,167,"Right to speak is fundamental right, so I take it as my тЪбpower ЁЯТкЁЯШО",0.0,0.0,1.0,0.0,Neutral
168,168,"*рдЬрдп рдЬрдп рд╢реНрд░реА рд░рд╛рдо*
рдирдореЛрд╕реНрддреБрддреЗ рдирдореЛ рдирдордГ !
рдЬрдп рд╣рд┐рдВрдж !
рдЬрдп рднрд╛рд░рдд !",0.0,0.0,1.0,0.0,Neutral
169,169,Procrastinator,0.0,0.0,1.0,0.0,Neutral
170,170,"""There is a truth to know, a work to do"": poet-professor-public intellectual not merely a political animal. Views are personal.",0.272,0.0,0.728,0.6808,Positive
171,171,"рдирд╛ рдХрд┐рд╕реА рд╕реЗ рдИрд░реНрд╖реНрдпрд╛, рдирд╛ рдХрд┐рд╕реА рд╕реЗ рдХреЛрдИ рд╣реЛрдбрд╝,рдореЗрд░реА рдЕрдкрдиреА рдордВрдЬреАрд▓реЗ, рдореЗрд░реА рдЕрдкрдиреА рджреМрдбрд╝..!!тМЫ",0.0,0.0,1.0,0.0,Neutral
172,172,рдЖрддреНрдордирдГ рдХрд╛рдорд╛рдп рд╕рд░реНрд╡рдВ рдкреНрд░рд┐рдпрдВ рднрд╡рддрд┐...ред,0.0,0.0,1.0,0.0,Neutral
173,173,Sikandar (INC),0.0,0.0,1.0,0.0,Neutral
174,174,Proud Indian ЁЯЗоЁЯЗ│,0.608,0.0,0.392,0.4767,Positive
175,175,Madan,0.0,0.0,1.0,0.0,Neutral
177,177,"рд░рд╛рд╖реНрдЯреНрд░рд╡рд╛рджреА, рдкреНрд░рдХреГрддрд┐рдкреНрд░реЗрдореА",0.0,0.0,1.0,0.0,Neutral
178,178,F,0.0,0.0,0.0,0.0,Neutral
180,180,"News8Plus collects news from various trusted sources & publish in a single platform. News8Plus for realtime news updates.

Facebook Page- https://t.co/wndV7TZYNv",0.147,0.0,0.853,0.4767,Positive
181,181,рд░рд╛рд╖реНрдЯреНрд░ рд╕рд░реНрд╡реЛрдкрд░рд┐,0.0,0.0,1.0,0.0,Neutral
182,182,Domains,0.0,0.0,1.0,0.0,Neutral
183,183,"рдереЛрдбрд╝рд╛ рд╕рд╛ рдЧреБрд░реВрд░ рдмрдб рдЬрд╛рддрд╛ рд╣реИ ЁЯШО , рдЬрдм рдХреЛрдИ рд╣рдореЗрдВ...!

 рд╢рд┐рд╡_рднрдХреНрдд рдХрд╣ рдХрд░ рдкреБрдХрд╛рд░рддрд╛ рд╣реИ тЭдя╕ПреР рдирдордГ рд╢рд┐рд╡рд╛рдпЁЯЩПЁЯЩПЁЯЩПЁЯЗоЁЯЗ│",0.0,0.0,1.0,0.0,Neutral
184,184,"27! NodeJS Developer. ProudIndian

Don't believe in any God:- NashtikHindu",0.0,0.0,1.0,0.0,Neutral
185,185,"loves Beaches N Social Media... writer... thinker..!! Extreme liberal INDIAN

#IPL_FAN #DELHICAPTIALS #GUJARATTiatan",0.28,0.0,0.72,0.6467,Positive
186,186,"An Artist by heart тЭдя╕П, 3 top priorities of life- Nation, Family n Work, huge fan of @narendramodi , Believe in - Live n Let Live. Desires- Only what I deserveЁЯдЧ",0.225,0.0,0.775,0.6597,Positive
188,188,Marine Engineer.. Enthusiastic. Learner.,0.516,0.0,0.484,0.4939,Positive
189,189,Ayurvedic Physician,0.0,0.0,1.0,0.0,Neutral
190,190,bhagwa RisingЁЯЪй,0.0,0.0,1.0,0.0,Neutral
191,191,"с┤Ы╩Ьс┤З ЁЭШЛЁЭШ░ЁЭШдЁЭШ╡ЁЭШ░ЁЭШ│ ╔┤с┤Зxс┤Ы с┤Ес┤Пс┤П╩А тЩбтЩб


ЁЯдНЁЯСиЁЯП╗тАНтЪХя╕ПтЭдя╕П

#ЁЭЧЬЁЭЧбЁЭЧЧЁЭЧЬЁЭЧФЁЭЧб ЁЯЗоЁЯЗ│",0.0,0.0,1.0,0.0,Neutral
193,193,"ЁЯТп % follow back
*
Believes in Idea of Equality, Equity and Freedom 
#proudINDIAN
#Liberal
Tries to be respectful until the second last moment of conversation",0.255,0.0,0.745,0.802,Positive
195,195,Analyst,0.0,0.0,1.0,0.0,Neutral
196,196,"Based in New Delhi. Editorial Director, The New Indian Express and The Sunday Standard. Always looking for a new challenge. RT not endorsements.",0.058,0.0,0.942,0.0772,Positive
197,197,"BHUIT'74 alumni. FIETE, Member QCFI 
рдПрдХ рдЖрдо рдЖрджрдореАред рдЯреНрд╡реАрдЯреНрд╕ рдирд┐рдЬреА рд╣реИрдВред",0.0,0.0,1.0,0.0,Neutral
198,198,Do good & be good. I'm an Indian ЁЯЗоЁЯЗ│.,0.492,0.0,0.508,0.7003,Positive
199,199,IT Professional and a great nationalist. Always apolitical and on the Right SideЁЯШК Likes traveling in HimalayasЁЯШДЁЯШДЁЯШК,0.33,0.0,0.67,0.7845,Positive
201,201,"Carnatic Music, Weather, and current affairs in the world are some of my passion",0.188,0.0,0.812,0.4588,Positive
202,202,"Realistic attitude, never shy away from calling a spade as spade, forgiving",0.34,0.0,0.66,0.5632,Positive
205,205,|| Defence & Geopolitics || Nationalist ЁЯЗоЁЯЗ│ ||,0.189,0.0,0.811,0.1027,Positive
207,207,I am intelligent. Sometimes.,0.6,0.0,0.4,0.4588,Positive
211,211,рднрд╛рд░рддреАрдп  рдЬрдирддрд╛  рдкрд╛рд░реНрдЯреА  (( рд╕реЛрд╢рд▓ _ рдореАрдбрд┐рдпрд╛ _ рд╕рдВрдпреЛрдЬрдХ )) рдмреНрд▓реЙрдХ  рдЦрдВрджреМрд▓реА рддрд╣рд╕реАрд▓ рдПрддрдорд╛рджрдкреБрд░ рдЬрд┐рд▓рд╛ (( рдЖрдЧрд░рд╛ _ рдорд╣рд╛рдирдЧрд░ )) ЁЯЩПЁЯП╗,0.0,0.0,1.0,0.0,Neutral
212,212,"Chemist, nationalist",0.0,0.0,1.0,0.0,Neutral
214,214,https://t.co/iIZyDR1vaW,0.0,0.0,1.0,0.0,Neutral
215,215,ЁЯЗоЁЯЗ│,0.0,0.0,1.0,0.0,Neutral
216,216,#SpeakupforSSCRailwayStudents,0.0,0.0,1.0,0.0,Neutral
217,217,"Super Sanatani. Son of Maa Bharathi.

Every beginning has an end.
Sanatana Dharma - No Beginning, No End

рдорд╛ рдХреБрд░реБ рдзрдирдЬрдирдпреМрд╡рдирдЧрд░реНрд╡рдВ,
рд╣рд░рддрд┐ рдирд┐рдореЗрд╖рд╛рддреНрдХрд╛рд▓рдГ рд╕рд░реНрд╡рдВред",0.138,0.155,0.707,0.128,Positive
218,218,"Buddham Saranam Kachami!!
рокрпБродрпНродроорпН роЪро░рогроорпН роХроЪрпНроЪро╛рооро┐!!",0.0,0.0,1.0,0.0,Neutral
220,220,"A lifelong student, Blaugrana at heart and worshipper of Leo Messi.. Visca el Bar├зa !!! and #MessiForever",0.142,0.0,0.858,0.3561,Positive
222,222,Engineer ЁЯСитАНЁЯТ╗ #Diehard_Fan_Of_NarendraModiJi Proud Indian |Nationalist |Traveller | Nation First        Har Har Mahadev ЁЯЩП,0.22,0.0,0.78,0.4767,Positive
223,223,forget about itЁЯШЗ,0.0,0.487,0.513,-0.2263,Negative
225,225,"#Modi_SupporterЁЯЪйTrue PatriotЁЯМПNation FirstЁЯЗоЁЯЗ│( Biggest Fan of #Trump ЁЯЗ║ЁЯЗ╕ ) Heart felt Love ЁЯЗоЁЯЗ▒
ЁЯТеMODI JI KA CHOWKIDARЁЯТеSocial workerЁЯТе
#RSS #BJP #Modi #Yogi",0.255,0.0,0.745,0.7579,Positive
228,228,"#Entrepreneur, #TeamMan , Giving Visions to Great Idea, #GlobalCitizen, #India, #MiamiHeatforLife #SEO",0.512,0.0,0.488,0.8126,Positive
230,230,Never be afraid of what you are going for !,0.0,0.0,1.0,0.0,Neutral
231,231,"рдЬреЛ.рдХреБрдЫ рдХрд░реЛ.рджреЗрд╢ рдХреЗ рд▓рд┐рдП рдХрд░реЛ.ЁЯТРЁЯЪйЁЯМ╣тЭЧЁЯЩПЁЯТУЁЯТЮЁЯНВЁЯМ▓ЁЯМ▒ЁЯМ▒ЁЯМ┐ЁЯНАЁЯСПЁЯМ╖тЬНя╕П  рд░рд╛рд╖реНрд╡рд╛рджреА рд╡рд┐рдЪрд╛рд░рдзрд╛рд░рд╛.
 ........... рдпреЗ рдореЗрд░рд╛ рднрд╛рдЧреНрдп рд╣реЗ , рдореЗрдВ рд╣рд┐рдиреНрджреВ  рд╣реВрдБ ЁЯЪй",0.0,0.0,1.0,0.0,Neutral
232,232,Proud to be an IndianЁЯЗоЁЯЗ│.!motihari!Bihar.cbse private candidate! SIT sitamarhi CSE!BYJU'S exam prep ЁЯОп gate exam! DPS! YouTuber! .,0.222,0.0,0.778,0.6449,Positive
233,233,Teacher,0.0,0.0,1.0,0.0,Neutral
234,234,рдкреНрд░рдХреГрддрд┐ рдХреА рд░рдХреНрд╖рд╛ рдХрд░реЛ рдкреНрд░рдХреГрддрд┐ рддреБрдореНрд╣рд╛рд░реА рд░рдХреНрд╖рд╛ рдХрд░реЗрдЧреАред рдкрд╛рдиреА рдкреЗрдЯреНрд░реЛрд▓ рдФрд░ рдкреИрд╕реЗ рдХреЛ рдмрдЪрд╛рдПрдВред рдкреГрдереНрд╡реА рдиреЗ рдЕрдкрдиреЗ рдЧрд░реНрдн рдореЗрдВ рд╣реА рдЕрдкрдиреА рдореМрдд рдЫреБрдкрд╛рдИ рд╣реИ рд╡реЛ рд╣реИ рдкреЗрдЯреНрд░реЛрд▓рд┐рдпрдоредЁЯЗоЁЯЗ│ЁЯЪй,0.0,0.0,1.0,0.0,Neutral
235,235,I reckon on Life's surprises. Let's see what's in store for today !! Mature Inoffensive! Keeping it Real since '96. #Reggae,0.237,0.0,0.763,0.6784,Positive
236,236,"*Tweet! Tweet!* Who is it? 
A little blue bird, 'Twitter' is what you call it!",0.0,0.0,1.0,0.0,Neutral
237,237,#SpeakupforSSCRailwayStudents,0.0,0.0,1.0,0.0,Neutral
238,238,"State Co.Convenor IT/SM,

Former Regional Incharge- Magadh Range, IT/SM @BJP4Bihar 

Instagram @shubhamrajsinghbjp",0.0,0.0,1.0,0.0,Neutral
239,239,Indian ЁЯкЦ armyтЭдя╕ПтЭдя╕П,0.0,0.0,1.0,0.0,Neutral
240,240,"Waheguru Ji Ka Khalsa 
Waheguru Ji Ki Fateh 
Proud Descendant of SINDHU",0.22,0.0,0.78,0.4767,Positive
241,241,"Reader, Music lover, spriritual follower, love for adventure, travelling, SAP FICO Consultant",0.534,0.0,0.466,0.8834,Positive
242,242,"Just Do It тЩВя╕П рдпрджрд╛ рдпрджрд╛ рд╣реА рдзрд░реНрдорд╕реНрдп рдЧреНрд▓рд╛рдирд┐рд░реНрднрд╡рддрд┐ рднрд╛рд░рдд @narendramodi Struggling doesnтАЩt mean youтАЩre failingтА╝я╕ПрджреБрд░реНрдмрд▓ рдХреЛ рди рд╕рддрд╛рдЗрдпреЗ,рдЬрд╛рдХреА рдореЛрдЯреА рд╣рд╛рдптА╝я╕П рдзрд░реНрдо рд╣рд┐рдВрд╕рд╛ рддрдереИрд╡ рдЪ:",0.0,0.109,0.891,-0.4215,Negative
243,243,writer,0.0,0.0,1.0,0.0,Neutral
244,244,Latest information,0.0,0.0,1.0,0.0,Neutral
245,245,HMTV is a leading Telugu news channel. This page is your destination for the fastest news updates on Twitter! Our Live Updates;  https://t.co/BCnzdDFaSXтАж,0.0,0.0,1.0,0.0,Neutral
246,246,#SpeakupforSSCRailwayStudents,0.0,0.0,1.0,0.0,Neutral
247,247,Hi Anoop here,0.0,0.0,1.0,0.0,Neutral
248,248,#SpeakupforSSCRailwayStudents,0.0,0.0,1.0,0.0,Neutral
249,249,Teacher | New Delhi,0.0,0.0,1.0,0.0,Neutral
250,250,"рдирд╣реА рд▓рд┐рдЦреВрдБрдЧрд╛ рдЧреМрд░реА ,рдЧрдЬрдиреА,рдирд╣реАрдВ рдЕрдХрдмрд░ рдорд╣рд╛рди рд▓рд┐рдЦреВрдБрдЧрд╛
рдирд╣реА рд▓рд┐рдЦреВрдБрдЧрд╛ рдмрд╛рдмрд░, рд╣реБрдорд╛рдпреВрдБ , рддреИрдореВрд░ рдХреЛ рд╢реИрддрд╛рди рд▓рд┐рдЦреВрдБрдЧрд╛
рдХрд▓рдо рдореЗрд░реА рд░рд╛рд╖реНрдЯреНрд░ рдХреЛ рд╕рдорд░реНрдкрд┐рдд рднрд╛рд░рдд рдХрд╛ рдпрд╢рдЧрд╛рди рд▓рд┐рдЦреВрдБрдЧрд╛",0.0,0.0,1.0,0.0,Neutral
251,251,"Jai Jawan
Jai Kisan",0.0,0.0,1.0,0.0,Neutral
252,252,I believe himself,0.0,0.0,1.0,0.0,Neutral
253,253,Life every time feel u part of world,0.0,0.0,1.0,0.0,Neutral
254,254,"Loves Travelling, Techie by heart, Photo enthusiast. All views are personal and you are free to disagree.",0.378,0.104,0.518,0.7845,Positive
255,255,"Supportable,helping everyone,ssc aspirant",0.0,0.0,1.0,0.0,Neutral
256,256,Aum,0.0,0.0,1.0,0.0,Neutral
258,258,"Author, Mentor, Guide, Marketing Scientist, Strategist, Business Process Re-Engineer.
Creator of the '7 Principles of Manifesting Thoughts' - 4 books released.",0.0,0.0,1.0,0.0,Neutral
259,259,"Farming life ,, the best life..pride for me",0.375,0.0,0.625,0.6369,Positive
260,260,рд╕рд░реНрд╡реЗ рднрд╡рдиреНрддреБ рд╕реБрдЦрд┐рдирд╛ЁЯЗ│ЁЯЗк,0.0,0.0,1.0,0.0,Neutral
262,262,"iOS Developer at Altimetrik , Deep Thinker, History, Art and Nature Lover, Politics, Truth Seeker.",0.337,0.0,0.663,0.7269,Positive
263,263,"ЁЯЪйProud to be a Hindu and HindustaniЁЯЪй

Followed by- @YogiDevnath2 @rakesh_bstpyp @dineshbjp09 @Bambalal_BJP @naveenthacker @sdPachauri1 @DrAvadheshBJP  +...",0.0,0.0,1.0,0.0,Neutral
264,264,Too unoriginal to make my own┬аbio.,0.0,0.0,1.0,0.0,Neutral
265,265,"Working as Senior Engineer in Railway's production unit.
рдХреЛрдИ рд╣рд╛рде рднреА рди рдорд┐рд▓рд╛рдПрдЧрд╛ рдЬреЛ рдЧрд▓реЗ рдорд┐рд▓реЛрдЧреЗ рддрдкрд╛рдХ рд╕реЗ
рдпреЗ рдирдП рдорд┐рдЬрд╝рд╛рдЬ рдХрд╛ рд╢рд╣рд░ рд╣реИ рдЬрд╝рд░рд╛ рдлрд╝рд╛рд╕рд▓реЗ рд╕реЗ рдорд┐рд▓рд╛ рдХрд░реЛ
рд╢рд╛рдпрд░ рдмрд╢реАрд░ рдмрджреН",0.0,0.0,1.0,0.0,Neutral
266,266,Fun loving person. citizen of the world. All blood and no tomato chutneyЁЯЩП,0.371,0.113,0.515,0.7184,Positive
267,267,Please complete old pending recruitments of IAF and ARMY,0.223,0.0,0.777,0.3182,Positive
268,268,Author of historical fiction & journalist with Times of India.Write on auto industry. Love history & animals. Author @HachetteIndia @HarperCollinsIN,0.198,0.0,0.802,0.6369,Positive
270,270,Iftekharahmedmaruf@gmail.com,0.0,0.0,1.0,0.0,Neutral
271,271,Life every time feel u part of world,0.0,0.0,1.0,0.0,Neutral
273,273,Bio under construction.,0.0,0.0,1.0,0.0,Neutral
275,275,blogger редред writer редред reader,0.0,0.0,1.0,0.0,Neutral
276,276,#SpeakupforSSCRailwayStudents,0.0,0.0,1.0,0.0,Neutral
277,277,"Just By virtue of being a Sanatani, I am the best among all and superior to all. All santanis are superior to non-Sanatanis.",0.452,0.0,0.548,0.9325,Positive
279,279,forget about itЁЯШЗ,0.0,0.487,0.513,-0.2263,Negative
281,281,"I give a followback.

PatrioticтЭдIndian armed forcesтЭдSports enthusiastтЭдCricketтЭдNarendra ModiтЭдVirat KohliтЭдMomтЭдSweetsтЭдGadgetsтЭдSleepтЭдWork outтЭдpoliticsтЭдJAATтЭд.",0.0,0.0,1.0,0.0,Neutral
282,282,Engineering student! Reader!,0.0,0.0,1.0,0.0,Neutral
283,283,writer,0.0,0.0,1.0,0.0,Neutral
284,284,"35M , FX trader, crypto",0.0,0.0,1.0,0.0,Neutral
285,285,Politics | News Junkie | Techie | ЁЯСитАНЁЯТ╗ graduate | р▓Хр▓ир│Нр▓ир▓бр▓┐р▓Ч | Patriot ЁЯЗоЁЯЗ│ | Agricultural Enthusiast ЁЯМ╛| Photophile ЁЯУ╕,0.172,0.0,0.828,0.3612,Positive
286,286,"Working as Senior Engineer in Railway's production unit.
рдХреЛрдИ рд╣рд╛рде рднреА рди рдорд┐рд▓рд╛рдПрдЧрд╛ рдЬреЛ рдЧрд▓реЗ рдорд┐рд▓реЛрдЧреЗ рддрдкрд╛рдХ рд╕реЗ
рдпреЗ рдирдП рдорд┐рдЬрд╝рд╛рдЬ рдХрд╛ рд╢рд╣рд░ рд╣реИ рдЬрд╝рд░рд╛ рдлрд╝рд╛рд╕рд▓реЗ рд╕реЗ рдорд┐рд▓рд╛ рдХрд░реЛ
рд╢рд╛рдпрд░ рдмрд╢реАрд░ рдмрджреН",0.0,0.0,1.0,0.0,Neutral
287,287,IтАЩm a proud Hindu,0.608,0.0,0.392,0.4767,Positive
288,288,"рдвреЛрдВрдЧрд┐рдпреЛрдВ рд╡ рджреЛрд╣рд░реЗ рдорд╛рдкрджрдВрдб рд╡рд╛рд▓реЗрдВ рд╕реЗрдХреНрдпреБрд▓рд░ рдХреБрдХреНрдХрд░-рдореБрддреНрддреЛрдВ рдХреЗ рд▓рд┐рдП рд╣реИ, рдореЗрд░рд╛ рддреЗрд▓ рдкрд┐рд▓рд╛рдпрд╛ рджрдВрдб ! 

рджрд┐рдЦрддрд╛ рд╣реВрдБ рдореИрдВ рд╢реИрд╡,рдЖрдЪрд░рдг рдореЗрдВ рд╡реИрд╖реНрдгрд╡,рдЕрдБрджрд░ рдореИрдВ рд╢рд╛рдХреНрдд рдФрд░ рдореИрдВ рд╣реВрдБ рд╣рд┐рдиреНрджреВ !",0.0,0.0,1.0,0.0,Neutral
289,289,Engineering student! Reader!,0.0,0.0,1.0,0.0,Neutral
291,291,an Average Joe. Politically Neutral.,0.0,0.0,1.0,0.0,Neutral
292,292,"тЬНя╕ПAuthor - рдЬрдирддрд╛ рдорд╛рд▓рд┐рдХ ЁЯШЗEntrepreneur ЁЯОУIIT-BHU 2000
Citizen empowerment
Grassroot work in UP. Transforming village-by-village, city-by-city.
ЁЯТзрдЧрдВрдЧрд╛ рд╕рд╛рдл рд╣реЛрдиреЗ рддрдХ",0.0,0.0,1.0,0.0,Neutral
293,293,observe ЁЯЩОтАНтЩВя╕П   #Bitcoin,0.0,0.0,1.0,0.0,Neutral
296,296,"humble kannadiga, IT by profession and a mother of a naughty kid.",0.0,0.0,1.0,0.0,Neutral
302,302,"Missed to buy #Bitcoin in 2012, My Biggest Mistake of Life.",0.0,0.338,0.662,-0.5574,Negative
303,303,"рдпрджрд╛ рдпрджрд╛ рд╣рд┐ рдзрд░реНрдорд╕реНрдп рдЧреНрд▓рд╛рдирд┐рд░реНрднрд╡рддрд┐ рднрд╛рд░рдд ,
рдЕрднреНрдпреБрддреНрдерд╛рдирдордзрд░реНрдорд╕реНрдп рддрджрд╛рддреНрдорд╛рдирдВ рд╕реГрдЬрд╛рдореНрдпрд╣рдореНред
рдкрд░рд┐рддреНрд░рд╛рдгрд╛рдп рд╕рд╛рдзреВрдирд╛рдВ рд╡рд┐рдирд╛рд╢рд╛рдп рдЪ рджреБрд╖реНрдХреГрддрд╛рдореН ,
рдзрд░реНрдорд╕рдВрд╕реНрдерд╛рдкрдирд╛рд░реНрдерд╛рдп рд╕рдореНрднрд╡рд╛рдорд┐ рдпреБрдЧреЗ рдпреБрдЧреЗред",0.0,0.0,1.0,0.0,Neutral
304,304,"Stethoscope is the most expensive jewellery.
For it costs you,
Your Youth.

#postponeNEETandJEE
#NTAdeferNEETUG
#NTAshiftNEETUG",0.0,0.0,1.0,0.0,Neutral
306,306,Humanity,0.0,0.0,1.0,0.0,Neutral
307,307,Engineer by profession | Tweets are personal | Followed by Spokesperson of @BJP4UP Shri @manishBJPUP ji,0.0,0.0,1.0,0.0,Neutral
308,308,"#рдореИрдВ рд╣рд┐рдиреНрджреВ рд╣реВрдБ рдФрд░ рд╣рд┐рдВрджреБрддреНрд╡ рд╣реА рдореЗрд░реА рдкрд╣рдЪрд╛рди рд╣реИред
рдкреНрдпрд╛рд░ рдХрд░реЛ рдЕрдкрдиреЗ рджреЗрд╢ рдФрд░ рд╕реЗрдирд╛ рд╕реЗред",0.0,0.0,1.0,0.0,Neutral
309,309,Racer. Racing Engineer.,0.0,0.0,1.0,0.0,Neutral
311,311,"Namo-supporter , RSS Swayamsevak, Nationalist, social Madadgar @Madadgarparivar",0.0,0.0,1.0,0.0,Neutral
312,312,The Official Twitter Account of the UPSSVM Handle by @farhanAhmad_k RTs are not Endorsements,0.0,0.0,1.0,0.0,Neutral
315,315,Indian First,0.0,0.0,1.0,0.0,Neutral
316,316,рдореБрдлрдЯ,0.0,0.0,1.0,0.0,Neutral
317,317,Sanatani ЁЯХЙ,0.0,0.0,1.0,0.0,Neutral
319,319,Government and Politics,0.0,0.0,1.0,0.0,Neutral
320,320,i welcome this cruelty as i am very welcoming,0.439,0.277,0.284,0.3167,Positive
322,322,"Proud to be indian
рдЬрдп рд╣рд┐рдВрдж рдЬрдп рд╣рд┐рдВрдж рдХреА рд╕реЗрдирд╛ЁЯЩПЁЯЗоЁЯЗ│",0.256,0.0,0.744,0.4767,Positive
325,325,Proud Hindu. Life is fun. Enjoy it.,0.706,0.0,0.294,0.8625,Positive
328,328,Love yourself,0.808,0.0,0.192,0.6369,Positive
329,329,"I like actively participating in overall national and international news, Tennis Fan ЁЯО╛, Sports enthusiast, science, space and overall multidisciplinary тЬи",0.39,0.0,0.61,0.8225,Positive
331,331,"If Adharma is to exist, let it be under the heel of Dharma рее Incorruptible рее
RTsтЙаEndorsements.",0.0,0.0,1.0,0.0,Neutral
332,332,"Social worker/media news writer/ Travellers. 

If you donтАЩt follow me back itтАЩs your loss because I have nothing to lose.ЁЯдЧЁЯдЧЁЯдЧ

рдХреГрдкрдпрд╛ рдорд╛рд╕реНрдХ рдХрд╛ рдкреНрд░рдпреЛрдЧ рдХрд░реЗрдВ !",0.0,0.101,0.899,-0.3802,Negative
333,333,Dy. Manager in MNC ЁЯЗзЁЯЗ┤ рджреЗрд╢ рднрдХреНрдд ЁЯЗзЁЯЗ┤,0.0,0.0,1.0,0.0,Neutral
334,334,Avid follower of Politics and real cricket. Retweets are not necessarily endorsements.,0.167,0.0,0.833,0.296,Positive
335,335,My purpose & goal ? - рдкреНрд░рднреБ рдХрд╛ рджрд╛рд╕ редред рдПрд╡рдВ рдореЛрдХреНрд╖ рдкреНрд░рд╛рдкреНрддрд┐ ( Loyal servant of Paramatma & liberation/ Moksha ),0.171,0.0,0.829,0.4767,Positive
337,337,"Bhartiya, Hindu. My views are based on #observational science and unbiased. редредреР рдЕрд╕рддреЛ рдорд╛ рд╕рджреНрдЧрдордпред рддрдорд╕реЛ рдорд╛ рдЬреНрдпреЛрддрд┐рд░реНрдЧрдордпред рдореГрддреНрдпреЛрд░реНрдорд╛рдореГрддрдВ рдЧрдордпредред",0.0,0.055,0.945,-0.0258,Neutral
338,338,Avid follower of Politics and real cricket. Retweets are not necessarily endorsements.,0.167,0.0,0.833,0.296,Positive
339,339,"Bollywood obsessed, Business Consultant by profession and Punjabi by heart :)",0.219,0.124,0.657,0.3182,Positive
343,343,"Working as Senior Engineer in Railway's production unit.
рдХреЛрдИ рд╣рд╛рде рднреА рди рдорд┐рд▓рд╛рдПрдЧрд╛ рдЬреЛ рдЧрд▓реЗ рдорд┐рд▓реЛрдЧреЗ рддрдкрд╛рдХ рд╕реЗ
рдпреЗ рдирдП рдорд┐рдЬрд╝рд╛рдЬ рдХрд╛ рд╢рд╣рд░ рд╣реИ рдЬрд╝рд░рд╛ рдлрд╝рд╛рд╕рд▓реЗ рд╕реЗ рдорд┐рд▓рд╛ рдХрд░реЛ
рд╢рд╛рдпрд░ рдмрд╢реАрд░ рдмрджреН",0.0,0.0,1.0,0.0,Neutral
344,344,"Proud Liberal Hindu !!
Liberal but not #Libtard
special dislike for #Hypocrites and #PseudoIntellects
RTs are not endorsements.",0.232,0.124,0.644,0.366,Positive
345,345,an empath,0.0,0.0,1.0,0.0,Neutral
346,346,"Software Engineer, nationalist....India first ..!!!! #programming #trading #FNO #technology",0.0,0.0,1.0,0.0,Neutral
347,347,"Minister of Education and Minister of Skill Development & Entrepreneurship, Government of India. Views personal. RTs not endorsement",0.0,0.109,0.891,-0.2411,Negative
348,348,"I like swimming, short stories, Bollywood, etc. I was born in India, but now live and work in Canada.",0.099,0.0,0.901,0.1901,Positive
349,349,"BharatiyaЁЯЗоЁЯЗ│ | TechieЁЯУ▒| Foodie ЁЯеШ | Love ЁЯПП&ЁЯО╛ | DU | CDAC
RTs: Not Endorsements",0.318,0.0,0.682,0.6369,Positive
350,350,"Bollywood obsessed, Business Consultant by profession and Punjabi by heart :)",0.219,0.124,0.657,0.3182,Positive
351,351,ЁЯХЙ,0.0,0.0,0.0,0.0,Neutral
354,354,"рдкреНрд░рд╡рдХреНрддрд╛, рдХреЛрд▓реНрд╣рд╛рдкреВрд░ рдорд╣рд╛рдирдЧрд░, рднрд╛рд░рддреАрдп рдЬрдирддрд╛ рдкрд╛рд░реНрдЯреА",0.0,0.0,1.0,0.0,Neutral
355,355,"Technology | Politics | Music | Movies | Sarcasm | Photography | 280 character blogger.
Hooked to Twitter since 2009.Back in a new profile after a brief hiatus",0.0,0.091,0.909,-0.2263,Negative
356,356,"Bollywood obsessed, Business Consultant by profession and Punjabi by heart :)",0.219,0.124,0.657,0.3182,Positive
357,357,"Masters in Political Science~Allahabad University.
Writer. Storyteller.
рд╕реБрдХреВрди-рдП-рджрд┐рд▓ рдордпрд╕реНрд╕рд░ рдирд╛ рд╣реБрдЖ рдЗрд╕ рдЬрд╝рдорд╛рдиреЗрдВ рдореЗрдВ,
рдирд╛ рдЙрд╕рдХреЛ рдпрд╛рдж рд░рдЦрдиреЗ рдореЗрдВ рдирд╛ рдЙрд╕рдХреЛ рднреВрд▓ рдЬрд╛рдиреЗ рдореЗрдВ.",0.0,0.0,1.0,0.0,Neutral
359,359,"Working as Senior Engineer in Railway's production unit.
рдХреЛрдИ рд╣рд╛рде рднреА рди рдорд┐рд▓рд╛рдПрдЧрд╛ рдЬреЛ рдЧрд▓реЗ рдорд┐рд▓реЛрдЧреЗ рддрдкрд╛рдХ рд╕реЗ
рдпреЗ рдирдП рдорд┐рдЬрд╝рд╛рдЬ рдХрд╛ рд╢рд╣рд░ рд╣реИ рдЬрд╝рд░рд╛ рдлрд╝рд╛рд╕рд▓реЗ рд╕реЗ рдорд┐рд▓рд╛ рдХрд░реЛ
рд╢рд╛рдпрд░ рдмрд╢реАрд░ рдмрджреН",0.0,0.0,1.0,0.0,Neutral
362,362,Down to earth ЁЯМН,0.0,0.0,1.0,0.0,Neutral
363,363,"Councillor of Amraiwadi ward.
Member of recreational and heritage comitty. 
Karnavati Mahanagar. 
Amraiwadi Vidhansabha
BJP karnavati Mahanagar.",0.0,0.0,1.0,0.0,Neutral
365,365,Name Airman Irshad,0.0,0.0,1.0,0.0,Neutral
367,367,"Latest Crypto News Tips & Tricks Free Call  Invest at your Own Risk 

If you want to Donate  Send through Tip Button",0.183,0.143,0.675,0.25,Positive
368,368,Am a Santhani ! RSS !,0.0,0.0,1.0,0.0,Neutral
369,369,"Memes on current situations.
RT Quote doesn't mean endorsement.",0.0,0.197,0.803,-0.2411,Negative
370,370,"Delivery Manager @tech_mahindra, #Learner, Likes innovative and constructive minds.. #positivity",0.416,0.0,0.584,0.6908,Positive
372,372,"Be Kind 
тЬК ЁЯЪЬ
#TeamBaan ЁЯП╣
ЁЯТп% Follow back 

Must read classic novel 1984 by George Orwell.
Free download at https://t.co/sGdMsZqK80 
Never Amplify RT/QT Fascists",0.37,0.0,0.63,0.8622,Positive
373,373,Physician! Working in Critical Care Department! Workaholic! Working towards Affordable Healthcare in Haryana!,0.247,0.13,0.623,0.471,Positive
374,374,forget about itЁЯШЗ,0.0,0.487,0.513,-0.2263,Negative
375,375,"Love Natural Beauty, Views are personal
# Real Estate Consultant",0.636,0.0,0.364,0.8885,Positive
376,376,"рдЕрдкрдиреА рдХрд╛рдмрд┐рд▓рд┐рдпрдд рдЗрддрдиреА рдмрдврд╝рд╛рдУ рдХрд┐ рдЖрдкрдХреЛ рд╣рд░рд╛рдиреЗ рдХреЗ рд▓рд┐рдП
рдХреЛрд╢рд┐рд╢ рдирд╣реАрдВ,рд▓реЛрдЧреЛрдВ рдХреЛ рд╕рд╛рдЬрд┐рд╢ рдХрд░рдиреА рдкрдбрд╝реЗ!",0.0,0.0,1.0,0.0,Neutral
377,377,"Stethoscope is the most expensive jewellery.
For it costs you,
Your Youth.

#postponeNEETandJEE
#NTAdeferNEETUG
#NTAshiftNEETUG",0.0,0.0,1.0,0.0,Neutral
378,378,GET @patilgroup3 Patil Rail Infrastructure Ltd,0.0,0.0,1.0,0.0,Neutral
379,379,Music,0.0,0.0,1.0,0.0,Neutral
380,380,"Bollywood obsessed, Business Consultant by profession and Punjabi by heart :)",0.219,0.124,0.657,0.3182,Positive
381,381,"small steps, large vision.",0.4,0.0,0.6,0.25,Positive
382,382,make it large...ЁЯШО,0.0,0.0,1.0,0.0,Neutral
383,383,Student sir,0.0,0.0,1.0,0.0,Neutral
384,384,рдЬрдп рд╢реНрд░реА рд░рд╛рдо,0.0,0.0,1.0,0.0,Neutral
387,387,"Unbiased. Real. Honest. A news channel that breaks the stereotype and sets the path for news. To Join our YouTube Membership, click ЁЯСЗhttps://t.co/CYsl03UzuW",0.204,0.126,0.669,0.4767,Positive
388,388,"тАЬFor I know that my Redeemer liveth, And that He shall stand at the latter day upon the earthтАЭ (Job 19:25).",0.0,0.0,1.0,0.0,Neutral
390,390,forget about itЁЯШЗ,0.0,0.487,0.513,-0.2263,Negative
391,391,Engineering student! Reader!,0.0,0.0,1.0,0.0,Neutral
393,393,Name Airman Irshad,0.0,0.0,1.0,0.0,Neutral
394,394,NMS Developer. Interested in equity market and farming.,0.278,0.0,0.722,0.4019,Positive
397,397,India First... Proud Hindu... you can call me BHAKTH...,0.279,0.0,0.721,0.4767,Positive
398,398,рд░рд╛рд╖реНрдЯреНрд░ рдкреНрд░рдердо,0.0,0.0,1.0,0.0,Neutral
399,399,writer,0.0,0.0,1.0,0.0,Neutral
400,400,"рдЬрдЧрджрдВрдм...ЁЯЪй
рдкреБрдгреЗ рдкреНрд░рд╛рдВрддрд╛рдЪрд╛ рд░рд╛рдЬрд╛ рд╢реНрд░реАрдордВрдд рд╢рд┐рддреЛрд│реЗ рджреЗрд╢рдореБрдЦ рд╕рд░рдХрд╛рд░...ЁЯФе                      
рд░рдпрдд рд╢реЗрддрдХрд░реА рд╕рдВрдШрдЯрдирд╛ ЁЯдЭ",0.0,0.0,1.0,0.0,Neutral
401,401,"Reiki HealerЁЯд▓
Karmic healer,
life coach ,
Numerologist ,
I AM ALL I NEED",0.0,0.0,1.0,0.0,Neutral
402,402,ЁЯЗоЁЯЗ│,0.0,0.0,1.0,0.0,Neutral
403,403,"ONE-NATION,LAW,TAX,ELECTION, 

After 1947 where are our Hindus in Pakistan, Bangladesh, J&K and now starts in Kerala??? You are next. 
Vande matram.",0.0,0.0,1.0,0.0,Neutral
404,404,News Editor @firstpost (@Network18Group). Past: News Editor @news24tvchannel;Consulting Editor (Digital) @prasarbharati;Asianet News; India Today Group; DNA; HT,0.0,0.0,1.0,0.0,Neutral
406,406,"IT Engineer, Magento Enthusiast, Fan of Sunny Deol and Ajay Devgn",0.487,0.0,0.513,0.765,Positive
407,407,"Political activities, Social worker, writing in Bengali poem",0.0,0.0,1.0,0.0,Neutral
408,408,"рд╣рд┐рдВрджреВ - рдорд░рд╛рдард╛! ЁЯЪйЁЯЪй
рдорд╣рд╛рд░рд╛рд╖реНрдЯреНрд░ - рднрд╛рд░рдд!! ЁЯЗоЁЯЗ│ЁЯЗоЁЯЗ│
рд░рд╛рд╖реНрдЯреНрд░рд╣рд┐рдд рд╕рд╡реМрдкрд░рд┐рдГред
 рд╕рддреНрдпрдореЗрд╡ рдЬрдпрддреЗ!",0.0,0.0,1.0,0.0,Neutral
409,409,"рдЖрдВрдЧрди рд░рд╛рдЬрд╕реНрдерд╛рди рд░реЗ, рджреЛ рдмрд╛рддреЗрдВ рджрдорджрд╛рд░ред
рдЕрд▓реНрдЧреЛрдЬрд╛рдВ рдЦреЗрддрд╛ рдмрдЬреЗ, рд░рдг рдмрд╛рдЬреЗ рддрд▓рд╡рд╛рд░редред
рдЬрдп рд╣рд┐рдВрдж",0.0,0.0,1.0,0.0,Neutral
410,410,forget about itЁЯШЗ,0.0,0.487,0.513,-0.2263,Negative
411,411,"UPSC Geo-Scientist 2021 batch
@IIT Delhi alumni 
@Allahabad University Alumni 
Retweets are not endorsements",0.0,0.0,1.0,0.0,Neutral
412,412,forget about itЁЯШЗ,0.0,0.487,0.513,-0.2263,Negative
413,413,forget about itЁЯШЗ,0.0,0.487,0.513,-0.2263,Negative
414,414,"рдореЗрд░реА рдФрдХрд╛рдд рд╕реЗ рдмрдврд╝рдХрд░ рдореБрдЭреЗ рдХреБрдЫ рди рджреЗрдирд╛ рдореЗрд░реЗ рдорд╛рд▓рд┐рдХ !!
рдХреНрдпреЛрдБрдХрд┐ рд░реЛрд╢рдиреА рднреА рдЕрдЧрд░ рдЬрд░реБрд░рдд рд╕реЗ рдЬреНрдпрд╛рджрд╛ рд╣реЛ, рддреЛ рдЗрдиреНрд╕рд╛рди рдХреЛ рдЕрдиреНрдзрд╛ рдмрдирд╛ рджреЗрддреА рд╣реИ !",0.0,0.0,1.0,0.0,Neutral
415,415,"рд╕реНрдЯреЗрдЯ рдХреЙрд░реНрдбрд┐рдиреЗрдЯрд░ рд╕реЛрд╢рд▓ рдореАрдбрд┐рдпрд╛ - рднрд╛рд░рддреАрдп рд░рд╛рд╖реНрдЯреНрд░реАрдп рдХрд╛рдВрдЧреНрд░реЗрд╕ рд╕реЗрд╡рд╛рджрд▓ рдЭрд╛рд░рдЦрдВрдб @SevadalJH...... 
..........
  @INCIndia",0.0,0.0,1.0,0.0,Neutral
417,417,"#I am #Hindu , #I am #Timeless & #I am #Imortal

           #рд╣рд┐рдВрджреВ    #рдорд░рд╛рдареА    #рднрд╛рд░рддреАрдп

      ЁЯЪйЁЯЪйЁЯЪй#рдЬрдп_рд╢реНрд░реА_рд░рд╛рдоЁЯЪйЁЯЪйЁЯЪй
                 RT ├Ч=",0.0,0.0,1.0,0.0,Neutral
418,418,"Owner & founder at DUWARAH STORE,
CSP Bank Mitra. at State Bank of India & Union Bank of India,
Supervisor at Aadhaar card - UIDAI,

VLE at CSC,

ЁЯУЮ 7035199108",0.0,0.0,1.0,0.0,Neutral
419,419,"Engineer By Education ЁЯУЪ
YouTuber By Passion ЁЯд│
Traveler By Hobby ЁЯЫ╡
Cricketer By Love ЁЯПП тЭд",0.419,0.0,0.581,0.802,Positive
420,420,ЁЯзб Live to travel тЬИя╕П,0.0,0.0,1.0,0.0,Neutral
422,422,army taiyari,0.0,0.0,1.0,0.0,Neutral
423,423,"Gallantry (PPMG). Honoured to be followed by our respected  @narendramodi ji PM .Kashmir. politics, Terrorism , Astrology, Hindu religious texts , Temple visit",0.314,0.146,0.54,0.6486,Positive
424,424,"Maybe lone , But , Always a warrior
New to twitter , want to reach as many people as possible, want to create a family",0.253,0.092,0.655,0.1779,Positive
425,425,"ЁЯЗоЁЯЗ│
Sarcasm falls out of my mouth, just like stupid falls from yours.
EngineerЁЯСитАНЁЯТ╗",0.133,0.282,0.585,-0.4215,Negative
426,426,"Official Twitter account 'Covering 33/11kv Substation Sitapuri & Shivpuri, Eidgah & Asalatpura Area of Moradabad'",0.0,0.0,1.0,0.0,Neutral
427,427,"student
sc St ma creamy layer lagu karo
dalit ias ko arakshan kyu mila",0.0,0.0,1.0,0.0,Neutral
428,428,Convenor It and Social Media at MP BJP DIST DHAR,0.0,0.0,1.0,0.0,Neutral
429,429,"Keep the hope alive, never lose faith. One Day will come.",0.454,0.136,0.41,0.6626,Positive
431,431,forget about itЁЯШЗ,0.0,0.487,0.513,-0.2263,Negative
432,432,"ЁЯЗоЁЯЗ│тЭдя╕П Hyderabad тЭдя╕ПЁЯЗоЁЯЗ│
ЁЯЗоЁЯЗ│тЭдя╕П р░╣р▒Жр▒Цр░жр░░р░╛р░мр░╛р░жр▒Н тЭдя╕ПЁЯЗоЁЯЗ│
ЁЯЗоЁЯЗ│тЭдя╕П рд╣реИрджрд░рд╛рдмрд╛рдж  тЭдя╕ПЁЯЗоЁЯЗ│
 @Hyderabad #Telangana #Secunderabad #Hyderabadi #ро╣рпИродрпЖро░ро╛рокро╛родрпН #р▓╣р│Ир▓жр▓░р▓╛р▓мр▓╛р▓жр│Н",0.0,0.0,1.0,0.0,Neutral
433,433,"Give Respect, Take Respect. 

India First.",0.608,0.0,0.392,0.7351,Positive
435,435,Digital Asset collector,0.556,0.0,0.444,0.3612,Positive
436,436,15011988,0.0,0.0,1.0,0.0,Neutral
437,437,forget about itЁЯШЗ,0.0,0.487,0.513,-0.2263,Negative
438,438,"|| рдирд░реЗрдВрджреНрд░ рдореЛрджреА рднрдХреНрдд ||
|| @ рдирд░реЗрдВрджреНрд░ рдореЛрджреА рджрд┐рд▓ рд╕реЗ || 
редред рднрд╛рд░рдд рдорд╛рддрд╛ рдХреА рдЬрдп ||
           тЩетЩе тШЖтШЕрдЬрдп рд╣реАрдВрдж тШЕтШЖтЩетЩе",0.0,0.0,1.0,0.0,Neutral
439,439,hahahahaha,0.0,0.0,1.0,0.0,Neutral
440,440,"Rx. KiranтЭдя╕П
Only BusinessтЬМя╕Пnot interested jobЁЯе▒",0.351,0.0,0.649,0.4019,Positive
441,441,Yogi Shiv Mahadev!,0.0,0.0,1.0,0.0,Neutral
443,443,Ayath,0.0,0.0,1.0,0.0,Neutral
444,444,"fitness model 
music Lover ЁЯО╢ 
Gym Freak 
Mom-Dad lover тЭдя╕П
town-Meerut
Thanks To Allah for Giving me Everything тЭдя╕П",0.502,0.097,0.401,0.9022,Positive
445,445,Saree Menufecrer . # textile #surat,0.0,0.0,1.0,0.0,Neutral
446,446,15,0.0,0.0,1.0,0.0,Neutral
447,447,"fitness model 
music Lover ЁЯО╢ 
Gym Freak 
Mom-Dad lover тЭдя╕П
town-Meerut
Thanks To Allah for Giving me Everything тЭдя╕П",0.502,0.097,0.401,0.9022,Positive
449,449,ЁЭХЛЁЭХЩЁЭХЦ ЁЭХжЁЭХЯЁЭХЦЁЭХйЁЭХТЁЭХЮЁЭХЪЁЭХЯЁЭХЦЁЭХХ ЁЭХЭЁЭХЪЁЭХЧЁЭХЦ ЁЭХЪЁЭХд ЁЭХЯЁЭХаЁЭХе ЁЭХиЁЭХаЁЭХгЁЭХеЁЭХЩ ЁЭХЭЁЭХЪЁЭХзЁЭХЪЁЭХЯЁЭХШ,0.0,0.0,1.0,0.0,Neutral
450,450,forget about itЁЯШЗ,0.0,0.487,0.513,-0.2263,Negative
451,451,I may give out but I never give up!!!,0.0,0.0,1.0,0.0,Neutral
452,452,"Proud Son & Husband - Travel Blogger & Vlogger - Youtuber - Content Creator. PGDM @MICA_Ahmedabad, Ex @accenture @IBM",0.193,0.0,0.807,0.4767,Positive
454,454,"рдХрдЯреБ рд╕рддреНрдп рд╣реИ -
рд╕рд╛рдВрдк рдЬрдм рддрдХ рдЖрд╕реНрддреАрдиреЛрдВ рдХреЗ рдирд╛ рдорд╛рд░реЗ рдЬрд╛рдПрдВрдЧреЗ
рд╣реМрд╕рд▓рд╛ рдХрд┐рддрдирд╛ рднреА рд╣реЛ рд╣рдо рдЬрдВрдЧ рд╣рд╛рд░ рдЬрд╛рдПрдВрдЧреЗ..",0.0,0.0,1.0,0.0,Neutral
455,455,forget about itЁЯШЗ,0.0,0.487,0.513,-0.2263,Negative
460,460,рдореЗрд░реА рд╕рдВрд╕реНрдХреГрддрд┐ рдореЗрд░рд╛ рдЧрд░реНрд╡,0.0,0.0,1.0,0.0,Neutral
462,462,Dreamer.... Trying to achieve....!!,0.0,0.0,1.0,0.0,Neutral
463,463,student,0.0,0.0,1.0,0.0,Neutral
464,464,роЪроЩрпНроХро┐ роЖроХро┐роп роиро╛ройрпН.....,0.0,0.0,1.0,0.0,Neutral
465,465,digital markting,0.0,0.0,1.0,0.0,Neutral
466,466,"#smart boy #IтАЩm good with any one who love and like me
#ImWho #ImToday because of the choice ImadeYesterday.
#I WILL EITHER FIND A WAY OR MAKE ONE.",0.286,0.0,0.714,0.8625,Positive
467,467,"Dear me, I'll make you proud one day.",0.487,0.0,0.513,0.6908,Positive
468,468,"human being
Plant trees, save present, save future.",0.516,0.0,0.484,0.7506,Positive
469,469,digital markting,0.0,0.0,1.0,0.0,Neutral
470,470,"UK based Bihari. LSE alum, Found in London and Patna. Goofy and at times Spiritual.  ЁЯП┤єаБзєаБвєаБ│єаБгєаБ┤єаБ┐ ЁЯЗоЁЯЗ│ ЁЯРЪЁЯР╢ЁЯХЙ ЁЯМИ ally .   Follow Insta : Zenny_Scotland",0.0,0.0,1.0,0.0,Neutral
474,474,"pakauji рдХреЗ рдмрдбрд╝реЗрднрдИрдпрд╛(рдореЛрдЯрд╛рднрд╛рдИ)!!
рдПрдХ рдмреЗрдЪрд╛рд░рд╛ рдЯреНрд╡реАрдЯрд░ рдХреА рдХрддреНрд░рд┐рдо рдмреБрджреНрдзрд┐рдорддрд╛(AI) рдХрд╛ рдорд╛рд░рд╛ рдЬрд┐рд╕реЗ рдЪрд╛рд╣рд┐рдпреЗ рдЖрдкрдХрд╛ рдлреЙрд▓реЛ рджреЛрдмрд╛рд░рд╛!! рддрдВрдЬ рд╡реНрдпрдВрдЧреНрдп рдХрдЯрд╛рдХреНрд╖ рд╡ рдлреЙрд▓реЛ рдмреИрдХ рдЖрджрдд рд╣реИ рдореЗрд░реА!!",0.0,0.0,1.0,0.0,Neutral
475,475,ЁЯТБтАНтЩВ,0.0,0.0,1.0,0.0,Neutral
476,476,"рдЦреБрд╢реАрдпрд╛ рдорд┐рд▓рддреА рдирд╣реА рдорд╛рдЧрдиреЗ рд╕реЗ , рдордВрдЬрд┐рд▓ рдорд┐рд▓рддреА рдирд╣реА рд░рд╛рд╣ рдкрд░ рд░реБрдХ рдЬрд╛рдиреЗ рд╕реЗ , рднрд░реЛрд╕рд╛ рд░рдЦрдирд╛ рдЦреБрджреНрдж рдкрд░ рдФрд░ рдЙрд╕ рд░рдм рдкрд░ , рд╕рдм рдХреБрдЫ рджреЗрддрд╛ рд╣реИ рд╡реЛ рд╕рд╣реА рд╡рдХреНрдд рдЖрдиреЗ рдкрд░!",0.0,0.0,1.0,0.0,Neutral
478,478,"State Secretary @bjp4tamilnadu
( IT & SM )



              my PM @narendramodi my Inspiration",0.274,0.0,0.726,0.5267,Positive
480,480,Proud Sanatani Jai Shri Ram Har Har Mahadev,0.307,0.0,0.693,0.4767,Positive
481,481,Shaping out some amazing digital experiences @Zoho,0.388,0.0,0.612,0.5859,Positive
482,482,"| All about Hinduism, Hindu Population Safety and Religious Awareness | рд╡рд╕реБрдзреИрд╡ рдХреБрдЯреБрдореНрдмрдХрдореН | реР рдЬрдп рд╢реНрд░реА рд░рд╛рдо реР |",0.177,0.0,0.823,0.4215,Positive
483,483,"рдордВрдЬрд╝рд┐рд▓ рдХреЛ рдХреНрдпрд╛ рдкрддрд╛, рд╕рдлрд░ рдиреЗ рдХреНрдпрд╛-рдХреНрдпрд╛ рдЫреАрдирд╛ рд╣реИ !
                                ЁЯСПрдЬрдп рд╢реНрд░реА рд░рд╛рдоЁЯСП
100% follow backЁЯдЮ",0.0,0.0,1.0,0.0,Neutral
484,484,"People Who Are Crazy Enough To Think They Can Change The World, Are The Ones Who Do тЬи 
Carpe diem... тЩе | CA | CS | BCOM (A&F)",0.0,0.098,0.902,-0.34,Negative
486,486,baaghi,0.0,0.0,1.0,0.0,Neutral
487,487,forget about itЁЯШЗ,0.0,0.487,0.513,-0.2263,Negative
489,489,adra sakke.. adra sakke..,0.0,0.0,1.0,0.0,Neutral
491,491,@TheJohnAbraham sir тЭдЁЯФетЭд,0.0,0.0,1.0,0.0,Neutral
492,492,"Hindu ЁЯЩП
SaffaronistЁЯЪй

Student 
рдзрд░реНрдореЛ рд░рдХреНрд╖рддрд┐ рд░рдХреНрд╖рд┐рддрдГ",0.0,0.0,1.0,0.0,Neutral
494,494,Mom ЁЯШЙ & Tution teacher ЁЯСйтАНЁЯПл,0.0,0.0,1.0,0.0,Neutral
495,495,"Work as a Mechanical Superintendent in Cairn Oil and Gas, Vedanta Limited",0.0,0.16,0.84,-0.2263,Negative
496,496,"ЁЯЗоЁЯЗ│ЁЯЗоЁЯЗ│ Rajkot city Mahilla morcha Mantri ...Samarpan trust committee member , Abgp member ,  Swadeshi jagaran Manch pramukh.ЁЯЗоЁЯЗ│ЁЯЗоЁЯЗ│",0.18,0.0,0.82,0.5106,Positive
497,497,"ResearcherЁЯОУ(Forest protection)ЁЯМ│!innovation- wildfire detection and control systemЁЯФе, Member of Indian youth congress, farmer...
views are my own..",0.0,0.0,1.0,0.0,Neutral
499,499,"I am a happy go lucky guy.
I like to hang out with friends.
Watching movies.
Having late night long conversation.
Meeting strangers.
Meet me and know me.",0.366,0.0,0.634,0.9022,Positive
500,500,communism And socialism ЁЯЗоЁЯЗ│,0.0,0.0,1.0,0.0,Neutral
501,501,forget about itЁЯШЗ,0.0,0.487,0.513,-0.2263,Negative
502,502,"рддреБрдо рдирд╛рдЪрд▓реЛ рдореЗрд░реЗ рд╣рд╛рд▓ рдкрд░ рдЬреА рднрд░рдХреЗ рдордЧрд░ рдпрд╛рдж рд░рдЦрдирд╛
рддреБрдореНрд╣рд╛рд░реЗ рд╣рд╢реНрд░ рдкреЗ рдЬрд╝рдорд╛рдирд╛ рдереВрдХреЗрдЧрд╛,",0.0,0.0,1.0,0.0,Neutral
504,504,Twin no. 2 | Marketing professional | Love to travel & click | Thinker | Explorer | Lover | Family first | Insta https://t.co/QmwMzHYYU2,0.36,0.099,0.541,0.7783,Positive
505,505,"Proud Hindu, Gay, Out of the Closet. Views are my own, Unapologetic. I follow back only if I feel like it. and yes... I am 51 years old...",0.196,0.0,0.804,0.6808,Positive
507,507,What you thinking about me it's doesn't matterЁЯди.... I'm in ur thinking dts my Attitude...ЁЯШО,0.0,0.0,1.0,0.0,Neutral
508,508,"рдореБрдЭреЗ рдлрдХреНрд░ рд╣реИ, рдореИрдВ рднрд╛рд░рдд рдХрд╛ рдирд╛рдЧрд░рд┐рдХ рд╣реВрдВред

Health, Safety, Environment & Fire with Disasters Management Specialist ред

SERVING to SAVE - INDIA",0.234,0.209,0.557,0.186,Positive
509,509,"*Profile Locked* 

.",0.0,0.0,1.0,0.0,Neutral
512,512,рд░рд╛рд╖реНрдЯреНрд░ рдкреНрд░рдердо ЁЯЪйЁЯЪй,0.0,0.0,1.0,0.0,Neutral
514,514,From Bangalore,0.0,0.0,1.0,0.0,Neutral
515,515,INDIAN | A Patriot | Engineer By Profession,0.0,0.0,1.0,0.0,Neutral
517,517,"Photon in a double slit ЁЯТе
Liebhaber der Astro & Mechanik
#navodayan",0.0,0.0,1.0,0.0,Neutral
518,518,Random thoughts,0.0,0.0,1.0,0.0,Neutral
519,519,Everything is achievable through hard work,0.299,0.182,0.519,0.2263,Positive
521,521,Normal  human being..,0.0,0.0,1.0,0.0,Neutral
522,522,"Vice President @INCDelhi, Ex Chairman Minority Department |MLA Candidate| Advocate |RTтАЩs are not endorsement|#рдЬрдпрд╣рд┐рдиреНрдж",0.0,0.0,1.0,0.0,Neutral
523,523,RAPDO@REPEATO,0.0,0.0,1.0,0.0,Neutral
527,527,"Social & Student Activist, Proud IndianЁЯЗоЁЯЗ│тШЭя╕П
Spokesperson @JKSWFofficial,NCC AlumniЁЯЗоЁЯЗ│,Indian Army KidтЭгя╕ПтЪФя╕П.
Worked on De_ Redicalization of Youths in J&KЁЯНБ",0.154,0.0,0.846,0.4767,Positive
529,529,content aficionado and confidential marker viewer,0.0,0.0,1.0,0.0,Neutral
530,530,"Professor, Scientist, Ex-president of Overseas Friends of BJP",0.307,0.0,0.693,0.4767,Positive
531,531,Designer in DINAMALAR (No.1 Tamil Newspaper),0.0,0.0,1.0,0.0,Neutral
532,532,"India First ЁЯЩПЁЯЩП Nabhaya, Paurushee, Cricket, Love, Care, Technology, Relations. Tweets are personal and do not reflect anyone else. Co-founder @BriBooks_global",0.28,0.0,0.72,0.8126,Positive
534,534,"Minister of State for Power and Heavy Industries, Government of India.

Member of Parliament- Faridabad.",0.0,0.0,1.0,0.0,Neutral
535,535,"#рдордВрдЬрд░

рдорд┐рд▓реЗ рдХреЛрдИ рдХрд╢реНрддреА рдРрд╕реА рдЬреЛ рджрд░рд┐рдпрд╛ рдкрд╛рд░ рдХрд░рд╛ рджреЗ,
рдорд┐рд▓реЗ рдХреЛрдИ рдпрд╛рд░ рдРрд╕рд╛ рдЬреЛ рджрд┐рд▓ рдХрд░рд╛рд░ рдХрд░рд╛ рджреЗ..

рдмреЗрдЪреИрди рдмрд╣реБрдд рд╣реВрдБ рдореИрдВ рдпрд╣рд╛рдБ рдЦреБрдж рдЕрдкрдиреЗ рд╣реА рд╡рдЬреВрдж рд╕реЗ,
рдорд┐рд▓реЗ рдХреЛрдИ рдкреНрдпрд╛рд░ рдРрд╕рд╛ рдЬреЛ рдЦреБрдж рд╕реЗ",0.0,0.0,1.0,0.0,Neutral
536,536,Traveller ЁЯМН,0.0,0.0,1.0,0.0,Neutral
540,540,niftylearner7,0.0,0.0,1.0,0.0,Neutral
541,541,"a PROUD INDIAN, a PROUD HINDU, a PROUD TAMILIAN",0.756,0.0,0.244,0.8519,Positive
544,544,twits are strictly personal,0.0,0.0,1.0,0.0,Neutral
546,546,NO Repentance NO Grief NO Regret,0.0,0.937,0.063,-0.93,Negative
547,547,Partition was a catastrophe that Ma Bharati will never recover from unless we get together to restore our motherland. Imagine #AkhandBharat in all its glory.,0.183,0.141,0.675,0.0772,Positive
548,548,"Mech EnggЁЯФз
ЁЯПП",0.0,0.0,1.0,0.0,Neutral
554,554,Indian,0.0,0.0,1.0,0.0,Neutral
556,556,Mother/traveller/Nature lover/foodie/ЁЯШН,0.0,0.0,1.0,0.0,Neutral
557,557,"from Germany, yet happy and grateful to be in India for last 40 years...
Title of my book: Thank you India.",0.338,0.0,0.662,0.8481,Positive
560,560,India is my religion and saving lives is my job,0.0,0.0,1.0,0.0,Neutral
561,561,рд╕реНрд╡рдзрд░реНрдореЗ рдирд┐рдзрдирдВ рд╢реНрд░реЗрдпрдГ,0.0,0.0,1.0,0.0,Neutral
562,562,Don't think too hard!..be positive..n juz chill!!ЁЯдШ,0.0,0.0,1.0,0.0,Neutral
563,563,"Just in the process of making myself a better human being everyday.
Sometimes love exploring diff places & clothing.
Prefer Dance over everything....Everything!",0.28,0.0,0.72,0.8122,Positive
564,564,Indian(of course a proud one). Medicine Wholesaler. RT IS NOT ENDORSEMENT.,0.228,0.184,0.588,0.152,Positive
566,566,тШоя╕П,0.0,0.0,1.0,0.0,Neutral
567,567,Advocating efforts towards imparting a progressive change centred on Transparency & Accountability in Governance.,0.0,0.0,1.0,0.0,Neutral
568,568,"Aspiring Film Maker, Follower of Pawan Kalyan, Jai Hind",0.0,0.0,1.0,0.0,Neutral
569,569,рд╕рдВрд╡реИрдзрд╛рдирд┐рдХ рдЕрдЫреВрдд,0.0,0.0,1.0,0.0,Neutral
571,571,burning gloriously!,0.807,0.0,0.193,0.636,Positive
572,572,Sometimes the best revenge is just a simple smile ЁЯШК тЭд,0.444,0.225,0.331,0.5106,Positive
576,576,"Salesforce Professional, Dancing BareFoot
#Traveller #Foodie #LoveComedy #ComicsLover",0.0,0.0,1.0,0.0,Neutral
578,578,"Join the campaign тА╝я╕ПЁЭУШЁЭУ╜'ЁЭУ╝ ЁЭУРЁЭУ╡ЁЭУ╡ ЁЭУРЁЭУлЁЭУ╕ЁЭУ╛ЁЭУ╜ ЁЭУеЁЭУкЁЭУ╡ЁЭУ╛ЁЭУоЁЭУ╝ ЁЭУСЁЭУкЁЭУ╝ЁЭУоЁЭУн ЁЭУЯЁЭУ╕ЁЭУ╡ЁЭУ▓ЁЭУ╜ЁЭУ▓ЁЭУмЁЭУ╝ тА╝я╕П

риири┐ри░ринриЙ  риири┐ри░ри╡рйИри░ред  рдирд┐рд░рднрдЙ рдирд┐рд░рд╡реИрд░ред  Nirbhau and Nirvairред",0.121,0.0,0.879,0.296,Positive
579,579,I am what I am.,0.0,0.0,1.0,0.0,Neutral
581,581,тШоя╕П,0.0,0.0,1.0,0.0,Neutral
583,583,seeker,0.0,0.0,1.0,0.0,Neutral
585,585,"рднрд╛рд░рддреАрдп, рд╣рд┐рдВрджреВ, Engineer",0.0,0.0,1.0,0.0,Neutral
587,587,"рдирдорд╕реНрддреЗ рд╕рджрд╛ рд╡рддреНрд╕рд▓реЗ рдорд╛рддреГрднреВрдорд┐
           рдЬрдп рд╢реНрд░реА рд░рд╛рдоЁЯЪй",0.0,0.0,1.0,0.0,Neutral
588,588,тШоя╕П,0.0,0.0,1.0,0.0,Neutral
589,589,"рд╣рд┐рдВрджреВ рддрди рдорди ,рд╣рд┐рдВрджреВ рдЬреАрд╡рди 
рд░рдЧ рд░рдЧ рд╣рд┐рдВрджреВ рдореЗрд░рд╛ рдорди",0.0,0.0,1.0,0.0,Neutral
590,590,"ЁЯМИрд╕реНрд╡рджреЗрд╢реА||рд╕реНрд╡рд╕реНрде||рд╕реНрд╡рд╛рд╡рд▓рдВрдмреА||рд╕реНрд╡рд╛рднрд┐рдорд╛рдиреА~рднрд╛рд░рдд
тЩея╕Прд╡рд╕реБрдзреИрд╡ рдХреБрдЯреБрдореНрдмрдХрдореН",0.0,0.0,1.0,0.0,Neutral
592,592,"Media consultant
https://t.co/jy8bnzdXn3
https://t.co/FCBFgXovNL",0.0,0.0,1.0,0.0,Neutral
593,593,Optimistic*Nature lover*Thoughtful reader*World's humanity n peace lover*Follower of all communities which preach love n peace.,0.528,0.0,0.472,0.9042,Positive
594,594,"Ex President BJP Mahila Morcha Rajasthan 
(рдкрдВ.рджреАрдирджрдпрд╛рд▓ рдЙрдкрд╛рдзреНрдпрд╛рдп рдЬреА(рддрд╛рдКрдЬреА) рдХреА рднрддреАрдЬреА рд╣реВрдБредрдЙрди рдХреЗ рд╕рд┐рджреНрдзрд╛рдиреНрддреЛрдВ рдХреЛ рдЬрди рдЬрди рддрдХ рдкрд╣реБрдЪрдирд╛ рдПрдХ рдорд╛рддреНрд░ рд▓рдХреНрд╖реНрдпред рднрд╛рд░рдд рдорд╛рддрд╛ рдХреА рдЬрдп)ЁЯЗоЁЯЗ│",0.0,0.0,1.0,0.0,Neutral
597,597,interested in Formula 1 and cricket,0.403,0.0,0.597,0.4019,Positive
598,598,EntrepreneurтЪЩя╕ПGOIVolRetd PortEnggProfessionalтЪЩя╕ПAlumnus-GCT IIMA тЪЩя╕П ро╡ро╛ро┤рпНроХ родрооро┐ро┤рпН ЁЯМ║ ро╡ро╛ро┤ро┐роп рокро╛ро░род роорогро┐родрпНродро┐ро░рпБ роиро╛роЯрпБЁЯМ╕#BJP_2024_2026,0.0,0.0,1.0,0.0,Neutral
600,600,Santana Dharma Is The True Secularism,0.359,0.0,0.641,0.4215,Positive
601,601,Altruistic,0.0,0.0,1.0,0.0,Neutral
602,602,"рддреБрдо рдирд╛рдЪрд▓реЛ рдореЗрд░реЗ рд╣рд╛рд▓ рдкрд░ рдЬреА рднрд░рдХреЗ рдордЧрд░ рдпрд╛рдж рд░рдЦрдирд╛
рддреБрдореНрд╣рд╛рд░реЗ рд╣рд╢реНрд░ рдкреЗ рдЬрд╝рдорд╛рдирд╛ рдереВрдХреЗрдЧрд╛,",0.0,0.0,1.0,0.0,Neutral
604,604,Ward No -20 BJP Social Media incharge.,0.0,0.268,0.732,-0.296,Negative
605,605,"Hip Hop ЁЯТп
Proud Indian ЁЯЗоЁЯЗ│
Interested in politics, culture, cricket and comedy.
KP ЁЯЗоЁЯЗ│",0.43,0.0,0.57,0.8074,Positive
606,606,"Currently naukri...soon to come in female purohit avatar!!
Detachment is the Mantra and
RT doesn't mean I'm saying it!",0.0,0.0,1.0,0.0,Neutral
607,607,"""Try not to become a person of success, but rather try to become a person of value.""
Respect all Religion
Believe in Secularism
@WithINCIndia
@WithFarmers",0.236,0.0,0.764,0.7579,Positive
608,608,Jai shri ram,0.0,0.0,1.0,0.0,Neutral
609,609,Advocate l Entrepreneur l Agriculturist l Politician l AIADMK IT Wing District Secretary Namakkal,0.0,0.0,1.0,0.0,Neutral
610,610,рд╣реЗ рднрдЧрд╡рди рдХрд░рддрд╛ рд╣реБ рдЖрдкрд╕реЗ рдЧреБрдЬрд╛рд░рд┐рд╢ рдХреАтАж. рддреЗрд░реА рднрдХреНрддрд┐ рдХреЗ рд╕рд┐рд╡рд╛ рдХреЛрдИ рдмрдВрджрдЧреА рди рдорд┐рд▓реЗ тАж рд╣рд░ рдЬрдиреНрдо #рд╣рд┐рдиреНрджреБ рдЬреИрд╕реЗ рдкрд╛рд╡рди рдзрд░реНрдо рдореЗтАж рдпрд╛ рдлрд┐рд░ рдЬрд┐рдВрджрдЧреА рдирд╛ рдорд┐рд▓реЗ..#рдЬрдп_рд╢реНрд░реА_рд░рд╛рдо...тЫ│,0.0,0.0,1.0,0.0,Neutral
611,611,This too will pass so keep walking... (all tweets are my personal views). Retweets do not imply endorsement.,0.0,0.103,0.897,-0.2411,Negative
613,613,Vice Principal @ipsindirapuram | #CBSE Trainer | Regional Mentor @NitiAayog | #MIEExpert | Academic Coordinator & Head of Examinations @iprmgrp | #SDGs Advocate,0.0,0.0,1.0,0.0,Neutral
614,614,Ward No -20 BJP Social Media incharge.,0.0,0.268,0.732,-0.296,Negative
615,615,"#ReadSelective from the WORLD & Beyond, curated for you. #Daily #Latest from the #World #Universe.",0.0,0.0,1.0,0.0,Neutral
616,616,"Please ignore my tweets, I have no idea what I am doing.",0.164,0.336,0.5,-0.34,Negative
617,617,"Waheguru Ji ЁЯЩПЁЯП╝
Har Har Mahadev ЁЯЩПЁЯП╝
ЁЯЪйЁЯЗоЁЯЗ│ЁЯЪй",0.0,0.0,1.0,0.0,Neutral
618,618,"Mobile-first digital platform - objective, contextual, factual, informative, catering to all sets of audiences.",0.0,0.0,1.0,0.0,Neutral
619,619,Straight from тЭдя╕П,0.487,0.0,0.513,0.2263,Positive
622,622,"Never stop believing in hope,because miracles happen every day...ЁЯЩМЁЯШЗ",0.191,0.0,0.809,0.2235,Positive
623,623,"Non Political, Hindu Nationalist.",0.0,0.0,1.0,0.0,Neutral
624,624,рдкреНрд░рдпрд╛рдЧрд░рд╛рдЬ рд╡рд┐рд╢реНрд╡рд╡рд┐рджреНрдпрд╛рд▓рдп || рд╣рд┐рдиреНрджреВ,0.0,0.0,1.0,0.0,Neutral
625,625,рд░рд╛рд╖реНрдЯреНрд░рд╡рд╛рджреА,0.0,0.0,1.0,0.0,Neutral
626,626,"рокро┐ро▒рокрпНрокрпКроХрпНроХрпБроорпН роОро▓рпНро▓ро╛ роЙропро┐ро░рпНроХрпНроХрпБроорпНЁЯЗоЁЯЗ│ Proud to be an IndianЁЯЗоЁЯЗ│ Social, Political,Economic AnalyistЁЯСЖNationalistЁЯЗоЁЯЗ│",0.237,0.0,0.763,0.4767,Positive
628,628,Good,1.0,0.0,0.0,0.4404,Positive
631,631,"Asst. Professor, Dept. of Computer Science, PES University, Bangalore, India",0.0,0.0,1.0,0.0,Neutral
633,633,B.E.Mechanical,0.0,0.0,1.0,0.0,Neutral
634,634,"I'm just the protagonist  in this world!
ЁЯЗоЁЯЗ│",0.0,0.0,1.0,0.0,Neutral
636,636,"Welcome to the official handle of critically acclaimed writer, director & producers Vinay Sapru & Radhika Rao. https://t.co/rjts5ARcO2 https://t.co/a7R9Auc2xI",0.158,0.0,0.842,0.4588,Positive
637,637,Cabinet Minister of Social Justice & Empowerment - Govt. of Gujarat | MLA : 56 Asarwa Constituency,0.221,0.0,0.779,0.5267,Positive
638,638,#Maidaan #Tanhaji  #Singham3 awaiting ЁЯШАЁЯШАЁЯША AD Fan,0.277,0.0,0.723,0.3182,Positive
639,639,Preparing for NEET UG 2022,0.0,0.0,1.0,0.0,Neutral
641,641,"Member Of Parliament (Rajya Sabha- Gujarat), Ex. Dy. C.M.- Gujarat, Ex. President - @gcamotera",0.0,0.0,1.0,0.0,Neutral
642,642,"Tweets are personal Rts are not. Proud to be a Hindu ,Nationalist  #рд░рдг_рдореЗрдВ_рднрдЧрд╡рд╛рдзрд╛рд░реА",0.0,0.188,0.812,-0.3724,Negative
643,643,Sanatana,0.0,0.0,1.0,0.0,Neutral
644,644,ЁЯЪй Proud Hindu ЁЯХЙя╕ПЁЯХЙя╕ПЁЯХЙя╕П ЁЯЪй || RSS supporter || Nation first || ЁЯТп % follow back to nationalist ||,0.286,0.0,0.714,0.6369,Positive
645,645,ЁЯМ╣ One Thing I Am Sure Of 'HE' Will Never Stop Loving MeтЭдя╕ПЁЯМ╣ЁЯЩПЁЯП╗,0.273,0.205,0.522,0.0108,Neutral
646,646,"facts don't care about your feelings.
I love Mars after Earth. when I disagree with U that doesn't mean I hate U.
RT's likeтЙаendorsement.",0.253,0.184,0.563,0.4534,Positive
648,648,Nothing,0.0,0.0,1.0,0.0,Neutral
650,650,"professor by profession
ЁЯЗоЁЯЗ│рд░рд╛рд╖реНрдЯреНрд░рд╣рд┐рдд рд╕рд░реНрд╡реЛрдкрд░рд┐ЁЯЗоЁЯЗ│, ЁЯЪйЁЯЪйрдЬрдп рд╢реНрд░реА рд░рд╛рдо ЁЯЪйЁЯЪй",0.0,0.0,1.0,0.0,Neutral
651,651,"Information Technology, MNC Executive, Consultant. Foodie (love street food), Music, Culture, People, Sports, Networking ЁЯЗоЁЯЗ│",0.0,0.0,1.0,0.0,Neutral
652,652,"FCA. AOL Volunteer.Guruji Sri Sri Ravishankar ji.A seeker of truth.Satya and Moksha.
RTs & Favorites not endorsement.",0.149,0.105,0.746,0.2115,Positive
653,653,The thing that makes me special is I act as me!,0.249,0.0,0.751,0.4574,Positive
654,654,Student,0.0,0.0,1.0,0.0,Neutral
655,655,"рк╢рк┐рк╡ ркЬ рк╕ркдрлНркп ркЫрлЗ, professionally CA, CS",0.0,0.0,1.0,0.0,Neutral
656,656,"Proud Hindu.Proud Indian.
Vice president BJP
coimbatore north district",0.279,0.0,0.721,0.4767,Positive
657,657,"National intrest,
Photographer,
Traveller 
Explorer
Learner
,  , .ЁЯд│",0.0,0.0,1.0,0.0,Neutral
658,658,YouTube channel market s vlogs,0.0,0.0,1.0,0.0,Neutral
659,659,Fan of @rajinikanth @narendramodi @annamalai_k,0.365,0.0,0.635,0.3182,Positive
662,662,Om Namo Narayana ЁЯк╖ ( let's bow to the divine),0.0,0.0,1.0,0.0,Neutral
663,663,"ржЬрж▓ ржЬржЩрзНржЧрж▓ ржжрж┐ржЪрзНржЫрзЗ ржбрж╛ржХ
ржорж╛ржиржмрж╕ржнрзНржпрждрж╛ ржирж┐ржкрж╛ржд ржпрж╛ржХ

My YouTube channel - https://t.co/8sNRBx6njP",0.0,0.0,1.0,0.0,Neutral
664,664,"Optimist, cricketer, works for a better INDIA :) #ManchesterUnited.... meedhi Biopic la solren !! Thiruppi Kudukanu iLLa type :P",0.482,0.0,0.518,0.9188,Positive
665,665,YouTube channel market s vlogs,0.0,0.0,1.0,0.0,Neutral
666,666,"рдЬрдп рд╣рд┐рдиреНрджредред
рднрд╛рд░рдд рдорд╛рддрд╛ рдХреА рдЬрдп!
рд╣рд┐рдиреНрджреВ рд╣реИ рд╣рдо рд╡рддрди рд╣реИ рд╣рд┐рдВрджреБрд╕реНрддрд╛рди рд╣рдорд╛рд░рд╛редред",0.0,0.0,1.0,0.0,Neutral
667,667,@pawankalyanЁЯШНЁЯШНЁЯШН @Janasenaparty тЬКтЬК,0.0,0.0,1.0,0.0,Neutral
671,671,Hand spun hand woven Swadeshi,0.681,0.0,0.319,0.7506,Positive
672,672,"редрдЧреМ рд╕реЗрд╡рд╛ рд╣реА рдореЗрд░рд╛ рдкрд░рдо рдзрд░реНрдоред
рдореЗрдВ рдХрд┐рд╕реА рдзрд░реНрдо рдХреЗ рд╡рд┐рд░реБрджреНрдз рдирд╣реАрдВ рд╣реВрдВ, рдореИрдВ рдЙрд╕рдХреЗ рд╡рд┐рд░реБрджреНрдз рд╣реВрдБ рдЬреЛ рдореЗрд░реЗ рд╣рд┐рдВрджреБрддреНрд╡ рдХреЗ рд╡рд┐рд░реБрджреНрдз рд╣реИрдВ....ЁЯЪйЁЯЗоЁЯЗ│ЁЯЪй",0.0,0.0,1.0,0.0,Neutral
673,673,"Legal Services.
The Telangana is my Identity,
The Hindutva is my Culture &
The Sanatandharm is my Religion.
Policy:-'IndiaFirst'
Birth:28thFeb(MahaSivarathri).",0.077,0.0,0.923,0.128,Positive
674,674,"Engg. Student, Automobile Enthusiast, Patriot",0.385,0.0,0.615,0.3612,Positive
677,677,5X Certified Salesforce Consultant and Developer. Helping business to implement Salesforce CRM .,0.167,0.0,0.833,0.296,Positive
678,678,"Anchor I ЁЭЧЦЁЭЧ╝ЁЭЧ║ЁЭЧ║ЁЭШВЁЭЧ╗ЁЭЧ╢ЁЭЧ░ЁЭЧоЁЭШБЁЭЧ╢ЁЭЧ╝ЁЭЧ╗ ЁЭЧЦЁЭЧ╝ЁЭЧоЁЭЧ░ЁЭЧ╡ I Actor I Writer 
Sign Up at https://t.co/7LxjekCWlU - Communication Unwrapped - Online Course",0.0,0.0,1.0,0.0,Neutral
679,679,"Cinephile, Travel Freak ЁЯШЗ",0.0,0.592,0.408,-0.4404,Negative
680,680,"рд╣рд┐рдВрджреВ , рд╡рд┐рдзрд░реНрдорд┐рдпреЛрдВ рд╕реЗ рди рд╕рд╛рдордирд╛ рдЦрд░реАрджреЗрдВрдЧреЗ",0.0,0.0,1.0,0.0,Neutral
685,685,Just a common man.,0.0,0.0,1.0,0.0,Neutral
686,686,рднрд╛рд░рдд рдореЗрд░реА рд╢рд╛рди рдФрд░ рднрд╛рд░рддреАрдпрддрд╛ рд╣реА рдореЗрд░реА рдкрд╣рдЪрд╛рдиредред,0.0,0.0,1.0,0.0,Neutral
687,687,Har har Mahadev. Shraddha aur Sabhuri. Football. Foodie. Hindu reawakening. Dream of Santana civilization - mother to all. Keep calm and trust NaMo the enabler,0.266,0.0,0.734,0.765,Positive
688,688,free online marketing Affiliate course and ebook Free Three Year's experience email signature account editor best logo designer #MDBlock ЁЯМ┤ЁЯМ╡ЁЯМ┐ЁЯМ╛ЁЯМ┤,0.388,0.0,0.612,0.8957,Positive
689,689,"Proud Indian |
Mechanical Engineer |
#Sachinist |",0.437,0.0,0.563,0.4767,Positive
690,690,!!No man ever step in the same river twice!!....'Shall break but will not bend'.!! Snake's friend or rescuer...BJP4INDIAЁЯЗоЁЯЗ│ЁЯЪй,0.0,0.28,0.72,-0.7359,Negative
691,691,YouTube channel market s vlogs,0.0,0.0,1.0,0.0,Neutral
692,692,"Railway Pravasi Group Western Maharashtra - Sangli Miraj Satara Pandharpur Kurduvadi
рд░реЗрд▓ рдпрд╛рддреНрд░реА рдЧреНрд░реВрдк рдкрд╢реНрдЪрд┐рдо рдорд╣рд╛рд░рд╛рд╖реНрдЯреНрд░ рд╕рд╛рдВрдЧрд▓реА рд╕рд╛рддрд╛рд░рд╛ рдХрд░рд╛рдб рдкрдВрдврд░рдкреВрд░ рдХреБрд░реНрдбреВрд╡рд╛рдбреА",0.0,0.0,1.0,0.0,Neutral
693,693,"#MensRights l
RT's are not endorsement | 
#MarriageStrike |",0.0,0.282,0.718,-0.2411,Negative
695,695,"Cricket, Politics, Old Songs & Shayri Lover! News Junkie! Devotee of Lara, Warne! RTs Not Endorsement! From Dhoni's Land! Ranchi & Madhubani!",0.285,0.074,0.641,0.7654,Positive
697,697,.....,0.0,0.0,1.0,0.0,Neutral
698,698,"FCMA - CIMA - UK & ACCA - UK , PHD, MBA , MCA",0.0,0.0,1.0,0.0,Neutral
700,700,рд░рд╛рдо рднрдХреНрдд ЁЯЪй,0.0,0.0,1.0,0.0,Neutral
703,703,рдХреНрд░реЛрдзрд╛рджреН рднрд╡рддрд┐ рд╕рдореНрдореЛрд╣рдГ рд╕рдореНрдореЛрд╣рд╛рддреНрд╕реНрдореГрддрд┐рд╡рд┐рднреНрд░рдордГред рд╕реНрдореГрддрд┐рднреНрд░рдВрд╢рд╛рджреН рдмреБрджреНрдзрд┐рдирд╛рд╢реЛ рдмреБрджреНрдзрд┐рдирд╛рд╢рд╛рддреНрдкреНрд░рдгрд╢реНрдпрддрд┐ред| Scientific Astrologer  - Truly Human - Help Other God Help You,0.464,0.0,0.536,0.8555,Positive
704,704,"Always think different, passion of traveling",0.375,0.0,0.625,0.4588,Positive
706,706,Centrist-Libertarian-Atheist| Software| Hobbyist Chef| Tentatively supports BasicIncome | APJKalam Modi MGR Rajini | Follow at your own risk. Non-serious Gyaan.,0.121,0.102,0.777,0.1027,Positive
708,708,"#PROUD_INDIAN | #NATIONALIST |  #Jay_Shree_Ram /
┬о_follow back резрежреж%
contact:- 9904748401",0.0,0.0,1.0,0.0,Neutral
709,709,Engineer,0.0,0.0,1.0,0.0,Neutral
711,711,Indian,0.0,0.0,1.0,0.0,Neutral
712,712,"LLB,
Follower of  Prime Minister of India, Narendra Modi.",0.0,0.0,1.0,0.0,Neutral
714,714,YouTube channel market s vlogs,0.0,0.0,1.0,0.0,Neutral
715,715,"Men's Rights, Gender Biased Laws #SpeakUpMen | YouTube https://t.co/yqXtb3O8VP | contact@voiceformenindia.com | Donate: https://t.co/d9UunUSEWh",0.0,0.174,0.826,-0.2732,Negative
716,716,YouTube channel market s vlogs,0.0,0.0,1.0,0.0,Neutral
717,717,"рдЧрд▓рдд рдХреЛ рдЧрд▓рдд рдФрд░ рд╕рд╣реА рдХреЛ рд╕рд╣реА рдмреЛрд▓рдирд╛ред
рдЕрдЪреНрдЫреЗ рдиреЗрддрд╛ рдХреЛ рдкреНрд░рдореЛрдЯ рдХрд░рдирд╛ рд╣реИ рдЪрд╛рд╣реЗ рд╡реЛ рдХрд┐рд╕реА рдкрд╛рд░реНрдЯреА рдХрд╛ рд╣реЛредрдЕрдЪреНрдЫреЗ рдиреЗрддрд╛рдУрдВ рдХреЗ рд╣рд╛рде рдореЗрдВ рд╣реА рджреЗрд╢ рдХрд╛ рднрд╡рд┐рд╖реНрдп рд╕реБрд░рдХреНрд╖рд┐рдд рд╣реИред рдирд┐рд░реАрд╣ рдХрд┐рд╕рд╛рди рдХреА рдЖрд╡рд╛рдЬ",0.0,0.0,1.0,0.0,Neutral
720,720,deshbhakt,0.0,0.0,1.0,0.0,Neutral
724,724,Proud to be with BJP since its inception. No compromise on Hindutva. Tremendous faith on our PM Shri. Modi ji. BHARAT MATA KI JAI.,0.203,0.076,0.722,0.5719,Positive
725,725,Free Guy,0.767,0.0,0.233,0.5106,Positive
726,726,Following the dreamЁЯЩВЁЯЩВ INDIAN ЁЯЗоЁЯЗ│ (ЁЯЪйЁЯЪй),0.0,0.0,1.0,0.0,Neutral
727,727,рдХреНрд░реЛрдзрд╛рджреН рднрд╡рддрд┐ рд╕рдореНрдореЛрд╣рдГ рд╕рдореНрдореЛрд╣рд╛рддреНрд╕реНрдореГрддрд┐рд╡рд┐рднреНрд░рдордГред рд╕реНрдореГрддрд┐рднреНрд░рдВрд╢рд╛рджреН рдмреБрджреНрдзрд┐рдирд╛рд╢реЛ рдмреБрджреНрдзрд┐рдирд╛рд╢рд╛рддреНрдкреНрд░рдгрд╢реНрдпрддрд┐ред| Scientific Astrologer  - Truly Human - Help Other God Help You,0.464,0.0,0.536,0.8555,Positive
728,728,"Political Editor, The New Indian Express, bansykalappa@gmail.com",0.0,0.0,1.0,0.0,Neutral
729,729,рд╕рддреНрдп рд╕рдирд╛рддрди рд╣реИ рд╕рдирд╛рддрди рд╕рддреНрдп рд╣реИ !!!,0.0,0.0,1.0,0.0,Neutral
733,733,"Don't blame people for disappointing you, blame yourself for expecting too much from them...",0.223,0.175,0.602,-0.033,Neutral
734,734,"Proud ЁЯЗоЁЯЗ│ , рдорд╣рд╛рджреЗрд╡ рднрдХреНрдд.",0.508,0.0,0.492,0.4767,Positive
736,736,YouTube channel market s vlogs,0.0,0.0,1.0,0.0,Neutral
737,737,рдХреНрд░реЛрдзрд╛рджреН рднрд╡рддрд┐ рд╕рдореНрдореЛрд╣рдГ рд╕рдореНрдореЛрд╣рд╛рддреНрд╕реНрдореГрддрд┐рд╡рд┐рднреНрд░рдордГред рд╕реНрдореГрддрд┐рднреНрд░рдВрд╢рд╛рджреН рдмреБрджреНрдзрд┐рдирд╛рд╢реЛ рдмреБрджреНрдзрд┐рдирд╛рд╢рд╛рддреНрдкреНрд░рдгрд╢реНрдпрддрд┐ред| Scientific Astrologer  - Truly Human - Help Other God Help You,0.464,0.0,0.536,0.8555,Positive
738,738,"Former CMD, NALCO
Former President, Ekal Abhiyan
Joint Gen. Secretary, VHP",0.0,0.0,1.0,0.0,Neutral
739,739,A learner trying to be in sync with  https://t.co/lOpAp3K0Hd.,0.0,0.0,1.0,0.0,Neutral
740,740,"Graphic designer 
Digital artistЁЯОи
Blood group :- b+ve
роЗроирпНродро┐ропройрпН тЭд",0.0,0.0,1.0,0.0,Neutral
741,741,Indian First ..,0.0,0.0,1.0,0.0,Neutral
743,743,"Proudly Hindu ЁЯЪйЁЯЪй

politics , ЁЯШБЁЯШБ",0.474,0.0,0.526,0.5574,Positive
746,746,Views personal ||,0.0,0.0,1.0,0.0,Neutral
748,748,"Enthusiast, Indian, Travel, Tech, Music lover..living in Modi ji's era..
Tribute to our national heroes ЁЯЩПЁЯЩПЁЯЩП",0.293,0.0,0.707,0.7003,Positive
750,750,an ultra nationalist. firm believer of sanatan dharm. detest secularists n abhor pseudo secularists.,0.0,0.2,0.8,-0.4588,Negative
751,751,Official page of BJP Jammu District,0.0,0.0,1.0,0.0,Neutral
753,753,I'm nice guy until you piss me off,0.243,0.235,0.522,0.0258,Neutral
754,754,Nothing...,0.0,0.0,1.0,0.0,Neutral
755,755,Bharatiya. Dushta Sikshaр▓г Sishta Rakshaр▓г,0.0,0.0,1.0,0.0,Neutral
758,758,"A proud Indian.  Dharmic sense & Karmic belief, sets u free.   RTs are not endorsements.",0.39,0.0,0.61,0.7506,Positive
759,759,MahaKaal is coming........,0.0,0.0,1.0,0.0,Neutral
760,760,Jolly,1.0,0.0,0.0,0.5106,Positive
761,761,"Software Professional, IT,
Visit https://t.co/MhYTXVP6yL",0.0,0.0,1.0,0.0,Neutral
762,762,neva give up..........,0.0,0.0,1.0,0.0,Neutral
763,763,"Proud to be a IndianЁЯЗоЁЯЗ│,EngineerЁЯОУ, EntrepreneurЁЯХ┤я╕П, Fan of @Annamalai_K Sir #BJP ianЁЯШО",0.375,0.0,0.625,0.6597,Positive
764,764,Humanity first. Islamophobia is a myth. Solar energy expert.,0.231,0.0,0.769,0.2732,Positive
767,767,"рднрд╛рд░рддреАрдпЁЯЗоЁЯЗ│
#HindusUnite || #HinduEcosystem || рдзрд░реНрдореЛ рд░рдХреНрд╖рддрд┐ рд░рдХреНрд╖рд┐рддрдГ ЁЯЪйЁЯХЙя╕П || RSS ||
Koo : @Shivansh1620",0.0,0.0,1.0,0.0,Neutral
768,768,"I support what I LIKE | I support what i Believe is RIGHT.   KPOP  ЁЯТГ
SHINee ┬ж Sadhguru ┬ж INDIA ЁЯЗоЁЯЗ│",0.463,0.0,0.537,0.824,Positive
769,769,Entrepreneur by profesion ..police and defense rights activist by passion...Political critics and experts to heart & mind satisfaction ...Staunch nationalist,0.195,0.097,0.708,0.296,Positive
771,771,"рдореИрдВ рднрд╛рд░рддреАрдп рд╣реВрдВ рди рдХрд┐ рдЗрдВрдбрд┐рдпрди /
I'm BHARTIY not INDIAN
(рд╣рд┐рдВрджреВ рдзрд░реНрдо рдФрд░ рд░рд╛рд╖реНрдЯреНрд░ рднрд╛рд░рдд рдХреЗ 'рдХрдЯреНрдЯрд░ рд░рдХреНрд╖рдХреЛрдВ' рдЬрд▓реНрдж рд╕рдВрдкрд░реНрдХ рдореЗрдВ рдЖрдУ рд╕рдВрдЧрдард┐рдд рд╣реЛ рдЬрд╛рдУ)ред BHARAT IS BHARAT NOT INDIA",0.0,0.0,1.0,0.0,Neutral
776,776,Just life & life onlyyyyy!!!,0.0,0.0,1.0,0.0,Neutral
777,777,"Media Personality, Social Activist , Kannadiga ,Rt's Like's Not Endorsement :Proud to be Indian Muslim , From Allah For Allah To 
Allah",0.0,0.201,0.799,-0.5448,Negative
778,778,"Project Director, Regional Science Centre (RSC) Bhavnagar, GUJCOST, Dept. of Science & Technology, Govt. of Gujarat",0.0,0.0,1.0,0.0,Neutral
779,779,Brutally straight forward & honest. Still idealistic. Tweets are opinions not reality.,0.421,0.211,0.368,0.4588,Positive
780,780,"A Proud Indian, an Engineer, an IIT Delhi alumni, a Travel Freak, Drivaholic, Peace Loving & a Roger Federer Fan forever.",0.462,0.105,0.433,0.872,Positive
785,785,"Follower of Jyotiba fule, Periyar &  B R Ambedkar #рдЬрдпрд╕рдВрд╡рд┐рдзрд╛рди #рдирдореЛрдмреБрджреНрдзрд╛рдп #рдЬрдпрднреАрдо #рдЬрдпрдЬреЛрд╣рд╛рд░",0.0,0.0,1.0,0.0,Neutral
787,787,#ahgase #igot7 #got7 #ot7 #exol #exo #ot9 #ot12,0.0,0.0,1.0,0.0,Neutral
788,788,"рд╣рд┐рдВрджреБ , рдорд░рд╛рдард╛ ЁЯЪй",0.0,0.0,1.0,0.0,Neutral
789,789,Bringing hyperlocal news and information from Mumbai. For you.,0.0,0.0,1.0,0.0,Neutral
790,790,All humans to be treated same irrespective of caste/religon/sex/colour/race . Spread love across globe. Keen abt Spirtualism,0.324,0.0,0.676,0.7717,Positive
792,792,"Journo, The New Indian Express. Cover Rlys, Metro, Aviation, BDA, Water, RERA, Postal & UIDAI. Work on investigative stories.Gunner. MЁЯР▒shi's slave",0.0,0.0,1.0,0.0,Neutral
793,793,"NationalistЁЯЗоЁЯЗ│, RW, IT Professional ЁЯТ╗, рдЖрд▓рд╛рдЪ рдЖрд╣рд╛рдд рддрд░ Follow рдХрд░реБрди рдЬрд╛ ЁЯШК",0.0,0.0,1.0,0.0,Neutral
794,794,"A computer Science Engineer, realistic person. A vegetarian by choice.",0.0,0.0,1.0,0.0,Neutral
796,796,"90's kid, Still Single ЁЯШвЁЯШв,Chennai Paiyan ЁЯТЫCSKЁЯТЫDhoniЁЯТЫ RajiniтЭдIlayaraja ЁЯТЩтЭдThamizhanЁЯТЩIndian ЁЯЗоЁЯЗ│Proud HinduтЭдроУроорпН роироороЪро┐ро╡ро╛роп ЁЯЩПЁЯЩПЁЯЩП",0.0,0.0,1.0,0.0,Neutral
798,798,ЁЯдн,0.0,0.0,0.0,0.0,Neutral
801,801,"some people are privileged by birth sorry,I am not one of them , I am privileged by the book called тАШconstitutionтАЩ . letтАЩs come together to bring the change ЁЯША",0.195,0.0,0.805,0.7003,Positive
802,802,рдХреНрд░реЛрдзрд╛рджреН рднрд╡рддрд┐ рд╕рдореНрдореЛрд╣рдГ рд╕рдореНрдореЛрд╣рд╛рддреНрд╕реНрдореГрддрд┐рд╡рд┐рднреНрд░рдордГред рд╕реНрдореГрддрд┐рднреНрд░рдВрд╢рд╛рджреН рдмреБрджреНрдзрд┐рдирд╛рд╢реЛ рдмреБрджреНрдзрд┐рдирд╛рд╢рд╛рддреНрдкреНрд░рдгрд╢реНрдпрддрд┐ред| Scientific Astrologer  - Truly Human - Help Other God Help You,0.464,0.0,0.536,0.8555,Positive
803,803,"рд╣рд┐рдиреНрджреВ рддрди-рдорди, рд╣рд┐рдиреНрджреВ рдЬреАрд╡рди, рд░рдЧ-рд░рдЧ рд╣рд┐рдиреНрджреВ рдореЗрд░рд╛ рдкрд░рд┐рдЪрдп р┐Ч ЁЯХЙя╕ПЁЯЪйЁЯЪй",0.0,0.0,1.0,0.0,Neutral
804,804,#ahgase #igot7 #got7 #ot7 #exol #exo #ot9 #ot12,0.0,0.0,1.0,0.0,Neutral
805,805,Civil engineer,0.0,0.0,1.0,0.0,Neutral
806,806,"Secretary BJP Delhi|| BJP MLA Candidate from Jangpura 2020|| Ex National Secretary @BJYM ||Ex VP, Ex GenSec BJYM Delhi|| Followed by PM @narendramodi JiЁЯЗоЁЯЗ│",0.0,0.0,1.0,0.0,Neutral
807,807,Bengali Hindu Nationalist,0.0,0.0,1.0,0.0,Neutral
808,808,ЁЯП┤тАНтШая╕П,0.0,0.0,1.0,0.0,Neutral
809,809,Trying to be a Perfect Human,0.481,0.0,0.519,0.5719,Positive
810,810,ЁЯШЕЁЯдгЁЯШВЁЯШЬ,0.0,0.0,1.0,0.0,Neutral
811,811,With great power comes great responsibility,0.672,0.0,0.328,0.8481,Positive
813,813,"ЁЯЗоЁЯЗ│
Jai Hind",0.0,0.0,1.0,0.0,Neutral
815,815,"Being a Human Being first is the Motto..... Live Life & have fun with just a pinch of Logic & Sense..... 
Nation First.....",0.155,0.0,0.845,0.5106,Positive
816,816,"India at heart, Patriot, Gamer, Anime lover, movie, tv series buff",0.275,0.0,0.725,0.5859,Positive
817,817,"Nationalist to the core....
Tweets are personal, Retweet is not necessarily endorsement.",0.0,0.151,0.849,-0.2411,Negative
819,819,"love to read article.
serve our country to my extent",0.318,0.0,0.682,0.6369,Positive
821,821,tweet reader,0.0,0.0,1.0,0.0,Neutral
822,822,рдПрдХрдЪ рдзреНрдпреЗрдп : рд╣рд┐рдВрджреБ рд░рд╛рд╖реНрдЯреНрд░,0.0,0.0,1.0,0.0,Neutral
823,823,ЁЯЗоЁЯЗ│| Computer Science Graduate| Programmer|,0.0,0.0,1.0,0.0,Neutral
826,826,"Politically Right, BJP supporter, Movie Buff & ManU fan for life.......",0.355,0.0,0.645,0.5267,Positive
829,829,"Ardent and proud Desh Bhakt ЁЯЗоЁЯЗ│. A true blue bong at heart, an avid reader and a banker by profession.",0.444,0.0,0.556,0.8807,Positive
831,831,Social worker and BJP supporter,0.344,0.0,0.656,0.2732,Positive
832,832,Jai Hind,0.0,0.0,1.0,0.0,Neutral
833,833,Watcher.,0.0,0.0,1.0,0.0,Neutral
834,834,G/Secy.BJYM East Siang District A.P.,0.0,0.0,1.0,0.0,Neutral
835,835,"Soldier First, Loving Husband and a Proud Father. Happy to be with my Family, Dog and the Wheels!!
Tank-man for Life. #foreverBLACK.",0.385,0.0,0.615,0.9059,Positive
836,836,"I am TYBA student, Youtuber, Indian Football Team and Chennaiyin FC  Fan and EX NSS Volunteer, Sports Journalist from '@The_Tacticians'.",0.113,0.0,0.887,0.3182,Positive
837,837,Content Writer||ETL Developer||Politics||Cinema||Sarcasm||Humor||,0.0,0.0,1.0,0.0,Neutral
840,840,"ЁЯЗоЁЯЗ│ Malayali |
Automobile Enthusiast ЁЯПО |
Peace тШоя╕П|",0.6,0.0,0.4,0.7184,Positive
841,841,Sanatan Dharm ЁЯЪйЁЯЪйЁЯЪй,0.0,0.0,1.0,0.0,Neutral
844,844,"A Proud Bharatiya ! ReTweets, Favs and Quotes don't mean endorsement ;)",0.221,0.28,0.499,0.1935,Positive
845,845,#University of Allahabad,0.0,0.0,1.0,0.0,Neutral
847,847,"ЁЯЗоЁЯЗ│ WANNA BECOME INNOVATOR AS WELL AS SERVANT TO MY COUNTRY, FAN OF young Tiger NTR jr, Thalapathi Vijay and Amir khan",0.227,0.0,0.773,0.7065,Positive
850,850,Student,0.0,0.0,1.0,0.0,Neutral
851,851,HINDU (Sanatani) реР рдирдордГ рд╢рд┐рд╡рд╛рдпредредЁЯЪйЁЯЪйRTs are not endorsements.,0.0,0.0,1.0,0.0,Neutral
853,853,ЁЯЪйЁЯЪйЁЯЩП JAI SHREE RAM ЁЯЩПЁЯЪйЁЯЪй,0.0,0.0,1.0,0.0,Neutral
856,856,"р░пр░зр▒Нр░мр░╛р░╡р░В р░др░зр▒Нр░нр░╡р░др░┐

@KChiruTweets fanЁЯШО, Learner, Software Engineer, Writer, Indian ЁЯЗоЁЯЗ│
Jai Hind.",0.0,0.0,1.0,0.0,Neutral
857,857,We write articles on latest & undiscovered stories.,0.0,0.0,1.0,0.0,Neutral
858,858,#ahgase #igot7 #got7 #ot7 #exol #exo #ot9 #ot12,0.0,0.0,1.0,0.0,Neutral
860,860,"Ex Secular, Thinker, Reader, Analysts, Believer.
ЁЯТпFB",0.0,0.0,1.0,0.0,Neutral
862,862,From Shimla,0.0,0.0,1.0,0.0,Neutral
863,863,High voltage sign Activism for a better world тАв Traveler тАв Politically Centrist тАв Be the change you want to see,0.219,0.0,0.781,0.4939,Positive
864,864,"II Think II
Data is the most valuable asset on Earth",0.407,0.0,0.593,0.7328,Positive
865,865,Just being alive is special.,0.639,0.0,0.361,0.6486,Positive
866,866,nothing,0.0,0.0,1.0,0.0,Neutral
868,868,"Indian, Proud ЁЯХЙя╕ПHINDU
Yogiji Modiji bhakt",0.383,0.0,0.617,0.4767,Positive
869,869,"рдорд╛рдВ рдХрд╛рд▓реА рдХрд╛ рдЖрд╢реАрд░реНрд╡рд╛рдж ЁЯЪйЁЯЫХ рдЬрдп рдорд╛рдВ рдХрд╛рд▓реАЁЯЩПЁЯП╗
Hate politics can't tolerate nonsense, love animals, foodie",0.101,0.317,0.582,-0.7013,Negative
872,872,An unreasonable man. Vegetarian. A World citizen. Looking for a World leader to be a World changer. O2O model specialist.,0.0,0.0,1.0,0.0,Neutral
874,874,"Ideas are more powerful than Guns. They wouldnтАЩt let you have guns, why would they allow you to have Ideas?  RTs тЙа Endorsements.",0.2,0.0,0.8,0.6115,Positive
876,876,"Proud to Be an Indian, In awe of NaMo.
Believe in Modi ji and Yogi ji.ЁЯЩП Fully Adore General Rawat sir.",0.269,0.0,0.731,0.7902,Positive
877,877,"Engineer with 25+ yrs exp with worldтАЩs leading companies in Tractors, Construction Equipment & Consulting in Marketing, Operations & Organization Development.",0.0,0.0,1.0,0.0,Neutral
878,878,what is success,0.649,0.0,0.351,0.5719,Positive
879,879,what is success,0.649,0.0,0.351,0.5719,Positive
880,880,Editor In Chief / CEO @mediyaannews | Lyricist | Writer | Mamamgam - Chaveru |,0.0,0.0,1.0,0.0,Neutral
883,883,"I Am Proud To Say I Was Hindustani.I am Proud To Say I Was Hindu Nationalist Party BJP Member ЁЯМ╖,
Indian and родрооро┐ро┤ройрпН,my community Yadav. ЁЯЪйЁЯЪйI am always роХро╛ро╡ро┐ЁЯЪйЁЯЪй",0.279,0.0,0.721,0.836,Positive
885,885,"Proud RohitianЁЯШО
Future CM of Rajasthan ЁЯШО",0.383,0.0,0.617,0.4767,Positive
886,886,I help business men and entrepreneurs to make more money and save time.,0.381,0.0,0.619,0.7322,Positive
889,889,"уАР ЁЭХЛЁЭХаЁЭХЯЁЭХЬ тДЭЁЭХЦЁЭХдЁЭХЪЁЭХХЁЭХЦЁЭХЯЁЭХе.           уАС 
уАР ЁЭХЖЁЭХЮЁЭХЯЁЭХЪЁЭХзЁЭХаЁЭХгЁЭХЦЁЭХд                   уАС 
уАР ЁЯД┤ЁЯЕЗЁЯЕГЁЯЕБЁЯД╛ЁЯЕЕЁЯД┤ЁЯЕБЁЯЕГ                уАС",0.0,0.0,1.0,0.0,Neutral
893,893,only moon,0.0,0.0,1.0,0.0,Neutral
895,895,Phasmatos Incedia Movet ЁЯФе,0.0,0.0,1.0,0.0,Neutral
897,897,"рдмреЗрдЬреБрдмрд╛рдиреЛрдВ рд╕реЗ рдкреНрдпрд╛рд░, рд╣рдорд╛рд░реА рдкреНрд░рдХреГрддрд┐ рдЬрд┐рд╕реЗ рд╣рдореЗрдВ рдмрдЪрд╛рдиреА рд╣реИ",0.0,0.0,1.0,0.0,Neutral
898,898,Entrepreneur,0.0,0.0,1.0,0.0,Neutral
899,899,what is success,0.649,0.0,0.351,0.5719,Positive
900,900,ordinary human but Unique.,0.0,0.0,1.0,0.0,Neutral
903,903,"ЁЯЗоЁЯЗ│ WANNA BECOME INNOVATOR AS WELL AS SERVANT TO MY COUNTRY, FAN OF young Tiger NTR jr, Thalapathi Vijay and Amir khan",0.227,0.0,0.773,0.7065,Positive
907,907,unlucky boy Shiven,0.0,0.0,1.0,0.0,Neutral
909,909,"#Mechanical Engineer
рдХреЛрд▓реНрд╣рд╛рдкреВрд░рдХрд░ЁЯШНЁЯШО,",0.0,0.0,1.0,0.0,Neutral
910,910,"I'm proud to be an #INDIAN 
#JAI_HIND ЁЯЪйЁЯТп% fb",0.279,0.0,0.721,0.4767,Positive
911,911,"рд░рд╛рд╖реНрдЯреНрд░ рдкреНрд░реЗрдореА,",0.0,0.0,1.0,0.0,Neutral
912,912,"Go To Hell

Government Of Rajasthan",0.0,0.479,0.521,-0.6808,Negative
913,913,"ЁЯЗоЁЯЗ│ WANNA BECOME INNOVATOR AS WELL AS SERVANT TO MY COUNTRY, FAN OF young Tiger NTR jr, Thalapathi Vijay and Amir khan",0.227,0.0,0.773,0.7065,Positive
915,915,Cr7 always,0.0,0.0,1.0,0.0,Neutral
916,916,ЁЯЗоЁЯЗ│,0.0,0.0,1.0,0.0,Neutral
917,917,Companion .Raising two naughty Levi's .,0.0,0.0,1.0,0.0,Neutral
918,918,"BhartiyaЁЯЗоЁЯЗ│
рд╕рддреНрдп рдкрд░рдореЛ рдзрд░реНрдо: |",0.0,0.0,1.0,0.0,Neutral
919,919,Banker by profession...Modi-fication quite possible.. Right of centre ideology..Tweets are personal views..RT simply does not mean endorsement,0.0,0.109,0.891,-0.2411,Negative
921,921,Follow Kijiye Follow Back 100% Milega,0.0,0.0,1.0,0.0,Neutral
923,923,"ЁЯЗоЁЯЗ│ WANNA BECOME INNOVATOR AS WELL AS SERVANT TO MY COUNTRY, FAN OF young Tiger NTR jr, Thalapathi Vijay and Amir khan",0.227,0.0,0.773,0.7065,Positive
924,924,Jai Shree RamЁЯЩП | Jai Sanatan DharmaтЬК,0.0,0.0,1.0,0.0,Neutral
925,925,Sanatani,0.0,0.0,1.0,0.0,Neutral
927,927,Puns || Jokes || Memes,0.333,0.0,0.667,0.25,Positive
928,928,"Social & Student Activist, Proud IndianЁЯЗоЁЯЗ│тШЭя╕П
Spokesperson @JKSWFofficial,NCC AlumniЁЯЗоЁЯЗ│,Indian Army KidтЭгя╕ПтЪФя╕П.
Worked on De_ Redicalization of Youths in J&KЁЯНБ",0.154,0.0,0.846,0.4767,Positive
929,929,"редредрд╣рд┐рдиреНрджреБ рддрди рдорди рд╣рд┐рдиреНрджреБ рдЬреАрд╡рди рд░рдЧ рд░рдЧ рд╣рд┐рдиреНрджреБ рдореЗрд░рд╛ рдкрд░рд┐рдЪрдпредред
Old account suspended..
Double trouble for left wingers..
тАГ┬а100% follow back
Koo: @tum_and_hum",0.0,0.109,0.891,-0.4019,Negative
931,931,Updating myself everday to become an intelligent fertilizer for plants someday,0.231,0.0,0.769,0.4588,Positive
933,933,REALтЬи...,0.0,0.0,1.0,0.0,Neutral
934,934,sachha sanatani ЁЯЪйЁЯЪйЁЯЪйЁЯЪйЁЯЪйЁЯЪйЁЯЪй,0.0,0.0,1.0,0.0,Neutral
935,935,I am Human,0.0,0.0,1.0,0.0,Neutral
936,936,"Politics, journalism,  python developer,",0.0,0.0,1.0,0.0,Neutral
937,937,ро╡рпЗро▓рпИ роЗро▓рпНро▓ро╛ родро┐рогрпНроЯро╛роЯрпНроЯродрпНродрпБроХрпНроХрпБ роХро╛ро░рогроорпН рокроЯро┐родрпНрод рокро┐ро▒роХрпБ роОройрпНрой роЪрпЖропрпНро╡родрпБ роОройрпНро▒рпБ ропрпЛроЪро┐рокрпНрокродро╛ро▓рпН,0.0,0.0,1.0,0.0,Neutral
938,938,"Former Project Associate,RVNL
An Indian Railways Subsidiary",0.0,0.0,1.0,0.0,Neutral
939,939,ЁЭХнЁЭЦК ЁЭЦЖ ЁЭЦМЁЭЦЖЁЭЦТЁЭЦК ЁЭЦИЁЭЦНЁЭЦЖЁЭЦУЁЭЦМЁЭЦКЁЭЦЧ ЁЭЦОЁЭЦУ ЁЭЦЩЁЭЦНЁЭЦОЁЭЦШ ЁЭЦЬЁЭЦФЁЭЦЧЁЭЦСЁЭЦЙ ЁЭЦЛЁЭЦЪЁЭЦСЁЭЦС ЁЭЦФЁЭЦЛ ЁЭЦИЁЭЦФЁЭЦХЁЭЦЮ ЁЭЦИЁЭЦЖЁЭЦЩЁЭЦШ.,0.0,0.0,1.0,0.0,Neutral
940,940,"Want to do something good for India.
RT тЙа Endorsement",0.52,0.0,0.48,0.6705,Positive
942,942,"A proud Indian 
RTs are not endorsement",0.342,0.217,0.441,0.2819,Positive
944,944,I Win Or Lose Does Not Matter But I Learn That is for Sure,0.341,0.211,0.448,0.5149,Positive
945,945,ЁЯЩПрдЕрд╣рд┐рдВрд╕рд╛ рдкрд░рдореЛ рдзрд░реНрдордГ | рдзрд░реНрдо рд╣рд┐рдВрд╕рд╛ рддрдереИрд╡ рдЪ:ЁЯЪй,0.0,0.0,1.0,0.0,Neutral
947,947,"Bsc.#Graduate ЁЯСитАНЁЯОУ 
#medico ЁЯПе
#Medical student ЁЯТЙ #Radiographer
#X-Ray Technician ЁЯе╝ #Radiology
 stay #fit Stay #healthyтЬМя╕П",0.0,0.0,1.0,0.0,Neutral
950,950,kuch ni,0.0,0.0,1.0,0.0,Neutral
952,952,"уАР ЁЭХЛЁЭХаЁЭХЯЁЭХЬ тДЭЁЭХЦЁЭХдЁЭХЪЁЭХХЁЭХЦЁЭХЯЁЭХе.           уАС 
уАР ЁЭХЖЁЭХЮЁЭХЯЁЭХЪЁЭХзЁЭХаЁЭХгЁЭХЦЁЭХд                   уАС 
уАР ЁЯД┤ЁЯЕЗЁЯЕГЁЯЕБЁЯД╛ЁЯЕЕЁЯД┤ЁЯЕБЁЯЕГ                уАС",0.0,0.0,1.0,0.0,Neutral
956,956,"Certified and experienced auditor, investigator. Investor/Trader. Sports and Music Lover. KTR/Modi ji fan. Nationalist",0.337,0.0,0.663,0.7269,Positive
957,957,"Bharatwasi | Interested in Politics, Science & Tech | Travelling | Yoga",0.278,0.0,0.722,0.4019,Positive
958,958,"An ordinary citizen of india, traveller , bike ride to 3 nations, walked 500+ Kms in himalayas, cycling, interested in current affairs",0.124,0.0,0.876,0.4019,Positive
959,959,Mahadev bhakt,0.0,0.0,1.0,0.0,Neutral
962,962,Air force,0.0,0.0,1.0,0.0,Neutral
963,963,"I'm working in WIPRO!!! Kohli,cricketer,cinema luvr,music luvr , fun with friendz , a huge fan of THALA (Ajith) .родрооро┐ро┤ройрпН",0.403,0.0,0.597,0.8306,Positive
965,965,"Indian Politics is improper mix of Maths & Science, Here u need 2 get Arithmetic solutions for Chemical equations & Zoological solutions for Biological issues",0.152,0.0,0.848,0.34,Positive
966,966,"We create an environment for participants to challenge, question, learn and grow through engaging interactive courses.",0.309,0.0,0.691,0.5859,Positive
967,967,"Former IFS, Joint Sec Gov India. Former Minister of Dev NE Region, Minister of Panchayati Raj. Author of Confession of a Secular Fundamentalist.",0.0,0.0,1.0,0.0,Neutral
968,968,"ЁЯТкрд╣реИ рдЬрдм рддрдХ рдЦреВрди рдореЗрдВ рд╣рд▓рдЪрд▓,ЁЯЗоЁЯЗ│рддрд┐рд░рдВрдЧрд╛ рдЭреБрдХ рдирд╣реА рд╕рдХрддрд╛ !(ЁЯТРрдЬрдп рд╢реНрд░реА рд░рд╛рдоЁЯТР)ЁЯТк",0.0,0.0,1.0,0.0,Neutral
969,969,Shri Ram Vandana,0.0,0.0,1.0,0.0,Neutral
970,970,"Sanatan Dharm. Follow me, I'm your friendly neighborhood Hindutva Man!",0.28,0.0,0.72,0.5411,Positive
971,971,Pomelo lover | RTs not endorsment,0.487,0.0,0.513,0.5859,Positive
973,973,Ssc cgl aispairent,0.0,0.0,1.0,0.0,Neutral
974,974,"рд░рд╛рд╖реНрдЯреНрд░реАрдп рд╕реНрд╡рдпрдВрд╕реЗрд╡рдХ рд╕рдВрдШ рдЕрдЬрдореЗрд░
#AJMER#KRTЁЯЪйЁЯЪйЁЯЗоЁЯЗ│
рдЬрдп рд╢реНрд░реА рд░рд╛рдо рд╕рднреА рдорд┐рддреНрд░реЛрдВ рдХреЛ
 #рд░рд╛рд╖реНрдЯреНрд░рд╡рд╛рджреА
#TEAMKRT
 #рдПрдХ рдХрджрдо рд╣рд┐рдВрджреВ рд░рд╛рд╖реНрдЯреНрд░ рдХреА рдУрд░",0.0,0.0,1.0,0.0,Neutral
975,975,ркЕркдрлНркпрк╛рк░рлЗ ркорлВркб ркиркерлА.......ЁЯТФ,0.0,0.0,1.0,0.0,Neutral
976,976,ЁЯУЦ Knowledge Portal ЁЯОпObjective- #FinancialLiteracy ЁЯУз тЪЦя╕ПOne stop solution for all statutory compliances (IT | GST | ROC | Others),0.131,0.126,0.743,0.0258,Neutral
977,977,i welcome this cruelty as i am very welcoming,0.439,0.277,0.284,0.3167,Positive
978,978,Give respect and get Respect from me.,0.554,0.0,0.446,0.7351,Positive
979,979,┬░тЧП|||||||тЧП┬░,0.0,0.0,1.0,0.0,Neutral
980,980,Give respect and get Respect from me.,0.554,0.0,0.446,0.7351,Positive
981,981,"Engineer, Banker and Travel blogger",0.0,0.0,1.0,0.0,Neutral
983,983,"р┤ор┤ир╡Бр┤╖р╡Нр┤пр╡╗, р┤ор┤▓р┤пр┤╛р┤│р┤┐, р┤╕р┤Вр┤Шр┤┐-р┤╡р┤┐р┤░р╡Бр┤жр╡Нр┤зр╡╗.
parody | fan account 
@saltmangolover@mstdn.social

@saltmangolover@mastodon.social",0.247,0.0,0.753,0.3182,Positive
985,985,"Tech generalist. Game designer. Risk taker. Nation first. ЁЯЗоЁЯЗ│

Truth never changes. It just waits to be discovered.",0.113,0.103,0.784,0.0516,Positive
988,988,Patriotism,0.0,0.0,1.0,0.0,Neutral
995,995,"Son of Farmers Family ,I Don't Block anyone on Social Media ,Follower of #Ch_Charan_Singh Ji, #Ch_Ajit_Singh Ji and #Jayant_Singh , I Follow Back Everyone",0.103,0.0,0.897,0.3412,Positive
996,996,Hardworking,0.0,0.0,1.0,0.0,Neutral
997,997,Give respect and get Respect from me.,0.554,0.0,0.446,0.7351,Positive
998,998,"рд░рд╛рд╖реНрдЯреНрд░реАрдп рд╕реНрд╡рдпрдВрд╕реЗрд╡рдХ рд╕рдВрдШ рдЕрдЬрдореЗрд░
#AJMER#KRTЁЯЪйЁЯЪйЁЯЗоЁЯЗ│
рдЬрдп рд╢реНрд░реА рд░рд╛рдо рд╕рднреА рдорд┐рддреНрд░реЛрдВ рдХреЛ
 #рд░рд╛рд╖реНрдЯреНрд░рд╡рд╛рджреА
#TEAMKRT
 #рдПрдХ рдХрджрдо рд╣рд┐рдВрджреВ рд░рд╛рд╖реНрдЯреНрд░ рдХреА рдУрд░",0.0,0.0,1.0,0.0,Neutral
